date,title,where,link
2021.05.06.,"""화이자 코로나19 백신, 실제 접종서 95% 이상 예방 효과""",SBS언론사 선정,https://news.sbs.co.kr/news/endPage.do?news_id=N1006308813&plink=ORI&cooper=NAVER
2021.05.06.,미 “코로나 백신 특허권 일시유예 지지…합의까진 시간 걸려”,한겨레언론사 선정,http://www.hani.co.kr/arti/international/international_general/994046.html
2021.05.06.,바이든 “코로나 백신 지재권 면제 지지”… 업계는 강력 반발,조선일보언론사 선정,https://www.chosun.com/international/international_general/2021/05/06/LML2Q7MM45DAZNN7DPRKYJHKDQ/?utm_source=naver&utm_medium=referral&utm_campaign=naver-news
2021.05.06.,"정의용, G7에 공평한 코로나 백신 접근 위한 국제공조 촉구",서울신문언론사 선정,https://www.seoul.co.kr/news/newsView.php?id=20210506500015&wlog_tag3=naver
2021.05.06.,[속보] 화이자 “도쿄올림픽 선수단에 코로나 백신 공급”,중앙일보언론사 선정,https://news.joins.com/article/olink/23646439
2021.05.06.,"러시아, 1회 접종 코로나19 백신 '스푸트니크 라이트' 승인",MBC언론사 선정,https://imnews.imbc.com/news/2021/world/article/6170774_34880.html
2021.05.06.,"""화이자 코로나19 백신, 실제 접종서 95% 이상 예방 효과""",SBS언론사 선정,https://news.sbs.co.kr/news/endPage.do?news_id=N1006308813&plink=ORI&cooper=NAVER
2021.05.06.,바이든 “코로나 백신 지재권 면제 지지”… 업계는 강력 반발,조선일보언론사 선정,https://www.chosun.com/international/international_general/2021/05/06/LML2Q7MM45DAZNN7DPRKYJHKDQ/?utm_source=naver&utm_medium=referral&utm_campaign=naver-news
2021.05.06.,"美, 백신 특허 포기 지지…""코로나 종식 더 중요""",MBC언론사 선정,https://imnews.imbc.com/replay/2021/nwtoday/article/6170163_34943.html
2021.05.05.,WHO “北 코로나 백신 도입 사전 준비 중”,서울신문언론사 선정,https://www.seoul.co.kr/news/newsView.php?id=20210505500049&wlog_tag3=naver
2021.05.06.,정은경 “코로나19 매년 발생할 수도…백신으로 퇴치 불가”,채널A언론사 선정,http://www.ichannela.com/news/main/news_detailPage.do?publishId=000000248917
2021.05.06.,"美 ""코로나 백신 지식재산권 면제 지지""...공급 확대 길 열리나?",YTN,https://www.ytn.co.kr/_ln/0104_202105061718462162
2021.05.05.,"‘돈방석’ 화이자, 1분기에만 코로나19 백신 4조원어치 판매",서울신문언론사 선정,https://www.seoul.co.kr/news/newsView.php?id=20210505500030&wlog_tag3=naver
2021.05.06.,의협 “코로나19 백신 접종 후 사망한 이복근 의사 애도”,KBS,https://news.kbs.co.kr/news/view.do?ncd=5179352&ref=A
2021.05.04.,화이자 올 1분기 코로나백신 4조어치 팔아 1조 벌었다,매일경제언론사 선정,http://news.mk.co.kr/newsRead.php?no=432436&year=2021
2021.05.04.,"""소화제 먹고도 죽는다"" 코로나 백신 불안 언론 탓한 與대변인",중앙일보언론사 선정,https://news.joins.com/article/olink/23644686
2021.05.06.,[따져보니] 美·中 '백신 패권' 다툼…코로나 종식에 영향은?,TV조선,http://news.tvchosun.com/site/data/html_dir/2021/05/06/2021050690128.html
2021.05.06.,"美 ""코로나 백신 지재권 면제 지지""…WTO ""논의 신속히 진행""",TV조선,http://news.tvchosun.com/site/data/html_dir/2021/05/06/2021050690120.html
2021.05.05.,"국민 61.4% ""코로나19 백신 맞겠다""...3월보다 6.6%p 감소",YTN언론사 선정,https://www.ytn.co.kr/_ln/0103_202105051220205912
2021.05.05.,코로나 변이·백신 거부에… 전문가 “美 집단면역 힘들 것”,서울신문언론사 선정,https://www.seoul.co.kr/news/newsView.php?id=20210505012002&wlog_tag3=naver
2021.05.06.,"美, ‘코로나 백신 지식재산권 면제’ 공개 지지",KBS,https://news.kbs.co.kr/news/view.do?ncd=5179948&ref=A
2021.05.05.,"‘돈방석’ 화이자, 1분기에만 코로나19 백신 4조원어치 판매",서울신문언론사 선정,https://www.seoul.co.kr/news/newsView.php?id=20210505500030&wlog_tag3=naver
2021.05.05.,"‘돈방석’ 화이자, 1분기에만 코로나19 백신 4조원어치 판매",서울신문언론사 선정,https://www.seoul.co.kr/news/newsView.php?id=20210505500030&wlog_tag3=naver
2021.05.06.,"“화이자 코로나19 백신, 실제 접종서 95% 이상 예방 효과”",KBS,https://news.kbs.co.kr/news/view.do?ncd=5179529&ref=A
2021.05.06.,"美무역대표부 ""코로나 백신 지재권 면제 지지…시간 걸릴 것""",중앙일보,https://news.joins.com/article/olink/23645701
2021.05.06.,"美무역대표부 ""코로나 백신 지재권 면제 지지…시간 걸릴 것""",중앙일보,https://news.joins.com/article/olink/23645701
2021.05.06.,의협 “코로나19 백신 접종 후 사망한 이복근 의사 애도”,KBS,https://news.kbs.co.kr/news/view.do?ncd=5179352&ref=A
2021.05.06.,"NHN·네이버, 코로나19 백신접종 휴가 도입하기로",TV조선,http://news.tvchosun.com/site/data/html_dir/2021/05/06/2021050690099.html
2021.05.06.,"""노르웨이, 6월 코로나19 백신 증명서 도입 계획""",SBS,https://news.sbs.co.kr/news/endPage.do?news_id=N1006309772&plink=ORI&cooper=NAVER
2021.05.06.,"G7 외교장관 ""코로나19 백신 생산 확대 위해 협력할 것""",SBS,https://news.sbs.co.kr/news/endPage.do?news_id=N1006308470&plink=ORI&cooper=NAVER
2021.05.06.,"G7 외교장관 ""코로나19 백신 생산 확대 위해 협력할 것""",SBS,https://news.sbs.co.kr/news/endPage.do?news_id=N1006308470&plink=ORI&cooper=NAVER
2021.05.06.,"WTO, 코로나19 백신 지식재산권 면제 논의 ""매우 건설적""",YTN,https://www.ytn.co.kr/_ln/0104_202105062209434871
2021.05.06.,"모더나, 코로나19 백신으로 올 1분기 매출액 250배로 늘어",YTN,https://www.ytn.co.kr/_ln/0104_202105062214293195
2021.05.06.,"미국, 백신 특허 포기 지지…""코로나 종식 우선""",MBC,https://imnews.imbc.com/replay/2021/nw1200/article/6170355_34908.html
2021.05.04.,화이자 올 1분기 코로나백신 4조어치 팔아 1조 벌었다,매일경제언론사 선정,http://news.mk.co.kr/newsRead.php?no=432436&year=2021
2021.05.06.,건약 “한국정부도 코로나19 백신 특허 유예안 지지해야”,KBS,https://news.kbs.co.kr/news/view.do?ncd=5179680&ref=A
2021.05.06.,G7 외교장관 “코로나19 백신 생산 확대 위해 협력할 것”,KBS,https://news.kbs.co.kr/news/view.do?ncd=5179140&ref=A
2021.05.06.,"미국, 백신 특허 포기 지지…""코로나 종식 우선""",MBC,https://imnews.imbc.com/replay/2021/nw930/article/6170257_34929.html
2021.05.04.,"""소화제 먹고도 죽는다"" 코로나 백신 불안 언론 탓한 與대변인",중앙일보언론사 선정,https://news.joins.com/article/olink/23644686
2021.05.06.,"미 무역대표부 ""코로나19 백신 지식재산권 면제 지지""",YTN,https://www.ytn.co.kr/_ln/0104_202105060441562560
2021.05.05.,"WHO “북한, 코로나19 백신 도입 위한 사전준비 진행”",KBS,https://news.kbs.co.kr/news/view.do?ncd=5178739&ref=A
2021.05.05.,"WHO “북한, 코로나19 백신 도입 위한 사전준비 진행”",KBS,https://news.kbs.co.kr/news/view.do?ncd=5178739&ref=A
2021.05.06.,"미국 행정부 ""코로나 백신 특허 일시 포기 지지"" 공식 발표",MBC,https://imnews.imbc.com/news/2021/world/article/6170157_34880.html
2021.05.06.,[따져보니] 美·中 '백신 패권' 다툼…코로나 종식에 영향은?,TV조선,http://news.tvchosun.com/site/data/html_dir/2021/05/06/2021050690128.html
2021.05.05.,"WHO “북한, 코로나 백신 공급위한 사전 준비 중”",경향신문,http://news.khan.co.kr/kh_news/khan_art_view.html?artid=202105051440011&code=910303
2021.05.06.,"美 ""코로나 백신 지재권 면제 지지""…WTO ""논의 신속히 진행""",TV조선,http://news.tvchosun.com/site/data/html_dir/2021/05/06/2021050690120.html
2021.05.05.,"WHO 평양사무소장 ""북한, 코로나 백신 도입 위한 사전 준비 진행""",MBC,https://imnews.imbc.com/news/2021/world/article/6169449_34880.html
2021.05.05.,"국민 61.4% ""코로나19 백신 맞겠다""...3월보다 6.6%p 감소",YTN언론사 선정,https://www.ytn.co.kr/_ln/0103_202105051220205912
2021.05.04.,"美 백악관, 코로나19 백신 수출 사실상 승인",MBC언론사 선정,https://imnews.imbc.com/replay/2021/nw1200/article/6168401_34908.html
2021.05.05.,오늘부터 코로나19 백신접종 완료자 자가격리 면제 가능,KBS,https://news.kbs.co.kr/news/view.do?ncd=5178403&ref=A
2021.05.05.,코로나 변이·백신 거부에… 전문가 “美 집단면역 힘들 것”,서울신문언론사 선정,https://www.seoul.co.kr/news/newsView.php?id=20210505012002&wlog_tag3=naver
2021.05.06.,"모더나도 1분기 '역대급' 실적, 코로나19 백신 덕분",한국일보,https://hankookilbo.com/News/Read/A2021050621370002326?did=NA
2021.05.06.,"화이자, 이달 말부터 도쿄올림픽 선수단에 코로나19 백신 기부",한국일보,https://hankookilbo.com/News/Read/A2021050620310001760?did=NA
2021.05.04.,삼키는 알약·코에 뿌리는 분무 형태 코로나19 백신 나온다,한국경제언론사 선정,https://www.hankyung.com/international/article/2021050354997
2021.05.05.,"화이자, 코로나 백신 순익만 1조원 챙겼다",한국경제,https://www.hankyung.com/international/article/2021050513001
2021.05.06.,"WTO, 코로나19 백신 지식재산권 면제 논의 ""매우 건설적""",YTN,https://www.ytn.co.kr/_ln/0104_202105061700465926
2021.05.06.,"WTO, 코로나19 백신 지식재산권 면제 논의 ""매우 건설적""",YTN,https://www.ytn.co.kr/_ln/0104_202105061700465926
2021.05.04.,"미얀마 시민들 ""중국 백신 맞느니 코로나 걸리겠다""",YTN언론사 선정,https://www.ytn.co.kr/_ln/0104_202105041430017313
2021.05.05.,"美 7월 4일 '코로나 독립선언' 차질?... 바이든, 백신 접종 총력전 선언",한국일보,https://hankookilbo.com/News/Read/A2021050510160005383?did=NA
2021.05.04.,"백악관, 코로나19 백신 수출 사실상 승인…""다른 나라 도와 기뻐""",MBC언론사 선정,https://imnews.imbc.com/news/2021/world/article/6168362_34880.html
2021.05.06.,"G7 외교장관 ""코로나19 백신 생산 확대 위해 협력할 것""",YTN,https://www.ytn.co.kr/_ln/0104_202105060407340996
2021.05.06.,"미 ""코로나 백신 지재권 면제 지지""...공급 확대 길 열리나",YTN,https://www.ytn.co.kr/_ln/0104_202105060852374634
2021.05.06.,"美 ""코로나 백신 지식재산권 면제 지지""...공급 확대 길 열리나?",YTN,https://www.ytn.co.kr/_ln/0104_202105061131526631
2021.05.05.,"[속보] ""코로나 백신 맞겠다""는 국민, 한달새 6.6%P줄었다",중앙일보,https://news.joins.com/article/olink/23645229
2021.05.05.,"""EU 인구 4분의 1 코로나19 백신 최소 1회 접종""",SBS,https://news.sbs.co.kr/news/endPage.do?news_id=N1006308210&plink=ORI&cooper=NAVER
2021.05.05.,"화이자 백신 공동개발자 “코로나, 내년 중반까지는 계속 확산”",조선일보,https://www.chosun.com/international/international_general/2021/05/05/44J46XAC7NCVLK6KEUVRTQY55I/?utm_source=naver&utm_medium=referral&utm_campaign=naver-news
2021.05.06.,코로나19 백신 1차 접종자 356만여 명…32만여 명은 2차까지 마쳐,KBS,https://news.kbs.co.kr/news/view.do?ncd=5179407&ref=A
2021.05.05.,울산 2분기 코로나19 백신 접종 60~74세로 확대,KBS,https://news.kbs.co.kr/news/view.do?ncd=5178390&ref=A
2021.05.06.,"""7월 4일은 코로나 독립일""…백신 지재권은 '머뭇'",SBS,https://news.sbs.co.kr/news/endPage.do?news_id=N1006308250&plink=ORI&cooper=NAVER
2021.05.06.,"바이든 ""코로나19 백신 지식재산권 면제 찬성""｜아침& 지금",JTBC,https://news.jtbc.joins.com/article/article.aspx?news_id=NB12003171
2021.05.06.,[와이즈맨] 코로나 백신 여권만 있으면 진짜 해외여행 갈 수 있는 거 맞아?,YTN,https://www.ytn.co.kr/_ln/0134_202105061700013872
2021.05.06.,[와이즈맨] 코로나 백신 여권만 있으면 진짜 해외여행 갈 수 있는 거 맞아?,YTN,https://www.ytn.co.kr/_ln/0134_202105061700013872
2021.05.05.,"RFA ""북한, 코로나19 백신 도입 위한 사전 준비 진행""",YTN,https://www.ytn.co.kr/_ln/0101_202105051051553464
2021.05.06.,"[속보] 정의용, G7에 공평한 코로나 백신 접근 위한 국제공조 촉구",서울신문,https://www.seoul.co.kr/news/newsView.php?id=20210506500012&wlog_tag3=naver
2021.05.05.,“미국 7월4일까지 성인 70% 백신 1회 이상 맞게 할 것…두 달 뒤엔 코로나 독립 축하”,경향신문,http://news.khan.co.kr/kh_news/khan_art_view.html?artid=202105052102015&code=970201
2021.05.05.,울산 2분기 코로나19 백신 접종 60~74세로 확대,KBS,https://news.kbs.co.kr/news/view.do?ncd=5178562&ref=A
2021.05.05.,울산 2분기 코로나19 백신 접종 60~74세로 확대,KBS,https://news.kbs.co.kr/news/view.do?ncd=5178562&ref=A
2021.05.06.,"삼천당제약 ""먹는 코로나 백신, CEPI에 임상비용 지원 신청""",한국경제,https://www.hankyung.com/it/article/202105063004i
2021.05.06.,"삼천당제약 ""먹는 코로나 백신, CEPI에 임상비용 지원 신청""",한국경제,https://www.hankyung.com/it/article/202105063004i
2021.05.04.,"화이자 ""올해 코로나19 백신 매출 29조원 전망""",경향신문,http://news.khan.co.kr/kh_news/khan_art_view.html?artid=202105042135001&code=970100
2021.05.04.,"충남도, 인공지능으로 코로나19 백신접종 모니터링",KBS,https://news.kbs.co.kr/news/view.do?ncd=5178306&ref=A
2021.05.06.,"화성시, 내달 3일까지 고령층과 유치원.초등저학년 교사 대상 '코로나19 백신접종 사전예약제' 실시",한국경제,https://www.hankyung.com/society/article/202105064057h
2021.05.05.,"독일, 코로나 백신 접종자 야간통금·모임 제한 해제",SBS,https://news.sbs.co.kr/news/endPage.do?news_id=N1006307531&plink=ORI&cooper=NAVER
2021.05.06.,"코로나, 독감처럼 토착화되나... 정은경 ""백신으로 근절할 수 없다""",한국일보,https://hankookilbo.com/News/Read/A2021050617260002194?did=NA
2021.05.04.,"고양시,코로나19 백신 접종 긴장감 음악으로 풀어준다",중앙일보,https://news.joins.com/article/olink/23644601
2021.05.05.,USTR 대표 “코로나 백신 불균형 해소해야 경제 회복”,KBS,https://news.kbs.co.kr/news/view.do?ncd=5178746&ref=A
2021.05.05.,시민안전보험 개선…코로나 백신 부작용 등 34개 항목 기준 마련,KBS,https://news.kbs.co.kr/news/view.do?ncd=5178842&ref=A
2021.05.05.,"멀어지는 '집단면역'… 코로나, 백신보다 변이가 빨랐다",한국일보언론사 선정,https://hankookilbo.com/News/Read/A2021050410080002686?did=NA
2021.05.05.,"""7월 4일은 코로나 독립일""…미, 백신 지재권은 머뭇",SBS,https://news.sbs.co.kr/news/endPage.do?news_id=N1006308181&plink=ORI&cooper=NAVER
2021.05.05.,"""7월 4일은 코로나 독립일""…미, 백신 지재권은 머뭇",SBS,https://news.sbs.co.kr/news/endPage.do?news_id=N1006308181&plink=ORI&cooper=NAVER
2021.05.04.,60~74세 코로나19 백신 예약·접종기간 확인하세요,경향신문,http://news.khan.co.kr/kh_news/khan_art_view.html?artid=202105041840001&code=940100
2021.05.05.,"EU 인구 4분의 1, 코로나19 백신 최소 1회 접종",한국일보,https://hankookilbo.com/News/Read/A2021050521100005223?did=NA
2021.05.04.,"유럽의약품청, 중국 시노백 코로나19 백신 동반심사 시작",MBC,https://imnews.imbc.com/news/2021/world/article/6169149_34880.html
2021.05.05.,"국민 10명 중 6명 ""백신 맞겠다""··· 가장 큰 이유는 '가족한테 코로나19 옮길까봐'",경향신문,http://news.khan.co.kr/kh_news/khan_art_view.html?artid=202105051107001&code=940601
2021.05.06.,"미 ""코로나19 백신 지식재산권 면제 지지…협상 시간 걸릴 것""",MBN,http://mbn.mk.co.kr/pages/news/newsView.php?category=mbn00008&news_seq_no=4495426
2021.05.05.,"독일, 주말부터 코로나19 백신접종자 야간통금·모임제한 해제",MBC,https://imnews.imbc.com/news/2021/world/article/6169197_34880.html
2021.05.04.,"충남, AI로 코로나 백신 접종·이상 여부 확인",경향신문,http://news.khan.co.kr/kh_news/khan_art_view.html?artid=202105042123005&code=620112
2021.05.05.,"독일, 주말부터 코로나19 백신 접종자 야간 통금·모임 제한 해제",KBS,https://news.kbs.co.kr/news/view.do?ncd=5178424&ref=A
2021.05.05.,"바이든 ""7·4 독립기념일, 코로나에서 독립""…백신 속도전",JTBC,https://news.jtbc.joins.com/article/article.aspx?news_id=NB12003136
2021.05.04.,"은평, 두번째 코로나19 백신접종센터 연다",서울신문,https://www.seoul.co.kr/news/newsView.php?id=20210504500135&wlog_tag3=naver
2021.05.03.,"코로나 백신 지적재산권 면제 한걸음 더…미국, WTO와 논의",한겨레언론사 선정,http://www.hani.co.kr/arti/international/international_general/993600.html
2021.05.04.,"""알약·분무 형태 코로나19 '차세대 백신' 개발 박차""",YTN언론사 선정,https://www.ytn.co.kr/_ln/0104_202105040201347797
2021.05.05.,"""EU 인구 4분의 1 코로나19 백신 최소 1회 접종""",YTN,https://www.ytn.co.kr/_ln/0104_202105051726381100
2021.05.01.,"동두천 카투사 1명, 백신 접종 한 달 안돼 코로나19 확진",KBS언론사 선정,https://news.kbs.co.kr/news/view.do?ncd=5175908&ref=A
2021.05.04.,내일부터 코로나19 백신접종 완료자 자가격리 면제 가능,KBS,https://news.kbs.co.kr/news/view.do?ncd=5177826&ref=A
2021.05.06.,[이슈 완전정복] 백악관 코로나 백신 특허 일시 면제 지지...가능성과 효과는?,MBC,https://imnews.imbc.com/replay/2021/nw1400/article/6170463_34915.html
2021.05.04.,“알약·콧속 스프레이형 코로나 백신 나온다”,서울신문언론사 선정,https://www.seoul.co.kr/news/newsView.php?id=20210505012003&wlog_tag3=naver
2021.05.04.,"유럽의약품청, 중국 시노백 코로나19 백신 동반심사 시작했다",중앙일보,https://news.joins.com/article/olink/23645037
2021.05.06.,[코로나19 Q&A] 30세 이상 장병 57.9% 백신 접종,KBS,https://news.kbs.co.kr/news/view.do?ncd=5179176&ref=A
2021.05.06.,"[기업] NHN, 코로나19 백신 접종 휴가 이틀간 도입",YTN,https://www.ytn.co.kr/_ln/0102_202105061534490648
2021.05.04.,미국 생산 코로나19 백신 본격 방출…백악관 사실상 승인,SBS,https://news.sbs.co.kr/news/endPage.do?news_id=N1006306590&plink=ORI&cooper=NAVER
2021.05.04.,美 약국 체인점 코로나19 백신 13만 회분 폐기,YTN,https://www.ytn.co.kr/_ln/0104_202105041120020374
2021.05.04.,"70~74세 어르신 6일부터 코로나 백신접종, 예약하세요",한국일보,https://hankookilbo.com/News/Read/A2021050415100005209?did=NA
2021.05.05.,[뉴스터치] 코로나 백신 맞으면…걸그룹이 기념 도장,MBC,https://imnews.imbc.com/replay/2021/nwtoday/article/6169364_34943.html
2021.05.04.,코로나19 백신 1차 접종자 6만 6천여 명…신규 이상반응 신고 858건,KBS,https://news.kbs.co.kr/news/view.do?ncd=5177663&ref=A
2021.05.01.,"화이자 코로나 백신 맞은 80대, 돌연사",한국일보언론사 선정,https://hankookilbo.com/News/Read/A2021050117060003889?did=NA
2021.05.04.,[천자 칼럼] 백신 가뭄과 '코로나 회복력',한국경제언론사 선정,https://www.hankyung.com/opinion/article/2021050349491
2021.05.03.,"코로나19 신규 확진 488명…백신 신규 접종 1,561명",MBC언론사 선정,https://imnews.imbc.com/news/2021/society/article/6167158_34873.html
2021.05.05.,코로나19 백신 '맞겠다' 61.4%…전달보다 6.6%p 감소,MBN,http://mbn.mk.co.kr/pages/news/newsView.php?category=mbn00009&news_seq_no=4495095
2021.05.04.,미국생산 코로나19 백신 해외공급 본격화 전망…백악관 사실상 승인,KBS,https://news.kbs.co.kr/news/view.do?ncd=5177780&ref=A
2021.05.01.,미국 인구 30%인 1억명 이상 코로나 백신 접종 완료,서울신문언론사 선정,https://www.seoul.co.kr/news/newsView.php?id=20210501500006&wlog_tag3=naver
2021.05.01.,"WHO, 모더나 코로나 백신 긴급승인…코백스 공급 가능",동아일보언론사 선정,https://www.donga.com/news/article/all/20210501/106705611/2
2021.05.01.,"WHO, 모더나 코로나 백신 긴급승인…코백스 공급 가능",동아일보언론사 선정,https://www.donga.com/news/article/all/20210501/106705611/2
2021.05.03.,"“백신접종 노력 덕”…집단면역 선언 이스라엘군, 코로나19 졸업 선언",서울신문언론사 선정,https://www.seoul.co.kr/news/newsView.php?id=20210503500165&wlog_tag3=naver
2021.05.01.,"얀센 백신 맞은 카투사, 한 달 안됐는데…코로나 확진 '초비상'",한국경제언론사 선정,https://www.hankyung.com/society/article/2021050184027
2021.05.06.,[서울포토]코로나19 백신접종 대상자 온라인 예약 개시,서울신문,https://www.seoul.co.kr/news/newsView.php?id=20210506500095&wlog_tag3=naver
2021.05.03.,코로나19 신규 확진자 488명…오늘 2분기 백신 접종 계획 발표,경향신문언론사 선정,http://news.khan.co.kr/kh_news/khan_art_view.html?artid=202105030941001&code=940100
2021.05.04.,"“WHO, 러 ‘스푸트니크 V’ 코로나 백신 최종 평가 7월께 내릴 것”",중앙일보,https://news.joins.com/article/olink/23644987
2021.05.06.,美 무역대표부 “코로나19 백신 지식재산권 면제 지지”,KBS,https://news.kbs.co.kr/news/view.do?ncd=5179289&ref=A
2021.05.04.,"덴마크, AZ 이어 얀센 백신도 코로나19 접종 대상에서 제외",KBS,https://news.kbs.co.kr/news/view.do?ncd=5177392&ref=A
2021.05.04.,미얀마 국민들 “中 백신맞느니 코로나로 죽겠다”,동아일보언론사 선정,https://www.donga.com/news/article/all/20210504/106769130/1
2021.05.04.,미국서 생산하는 화이자 코로나19 백신 본격 방출…대상 국가는?,매일경제,http://news.mk.co.kr/newsRead.php?no=429544&year=2021
2021.05.04.,"유럽의약품청, 중국 시노백 코로나19 백신 동반심사 시작",YTN,https://www.ytn.co.kr/_ln/0104_202105042334569277
2021.04.30.,국산 코로나19 백신 개발 속도…내년 임상연구 완료,KBS언론사 선정,https://news.kbs.co.kr/news/view.do?ncd=5175118&ref=A
2021.05.04.,내일 화이자 코로나19 백신 21만8000명분 추가 도입,한국경제,https://www.hankyung.com/society/article/2021050473587
2021.05.04.,北노동신문 “코로나 백신 만능 해결책 아냐…방역전 장기화”,KBS,https://news.kbs.co.kr/news/view.do?ncd=5177616&ref=A
2021.05.04.,"덴마크, AZ 이어 얀센 코로나19 백신 접종 대상에서 제외",YTN,https://www.ytn.co.kr/_ln/0104_202105040200287213
2021.05.04.,경남서 코로나19 백신 접종 50대·70대男 잇따라 사망,한국경제,https://www.hankyung.com/life/article/2021050493197
2021.05.03.,“코로나 토착화될 것…독감처럼 백신 맞으며 함께 살아야”,서울신문언론사 선정,https://www.seoul.co.kr/news/newsView.php?id=20210503500078&wlog_tag3=naver
2021.05.05.,"이천시, 코로나 백신접종 두려움 '작은 연주회'로 위로",한국일보,https://hankookilbo.com/News/Read/A2021050509440001092?did=NA
2021.05.03.,"""코로나 완전종식 불가능…백신 맞아도 전파 막는데 한계""",한국경제,https://www.hankyung.com/society/article/2021050349891
2021.04.29.,국내 코로나19 백신 1차 접종 완료자 300만 명 돌파,KBS언론사 선정,https://news.kbs.co.kr/news/view.do?ncd=5174392&ref=A
2021.05.01.,"WHO, 모더나 코로나19 백신 긴급 승인…""예방 효과 94.1%""",한국경제언론사 선정,https://www.hankyung.com/international/article/2021050184337
2021.04.30.,"문 대통령, 코로나19 백신 2차 접종... 방미 감안해 일정 당겼다",한국일보언론사 선정,https://hankookilbo.com/News/Read/A2021043008480004287?did=NA
2021.04.28.,"30살 이상 장병·군무원, 코로나 백신 접종 시작",한겨레언론사 선정,http://www.hani.co.kr/arti/politics/defense/992979.html
2021.05.04.,"다른 나라는 '코로나 생지옥'인데…백신 남아도는 美, 청소년도 맞힌다",한국경제,https://www.hankyung.com/international/article/2021050489221
2021.04.29.,"식약처, 노바백스·스푸트니크V 코로나 백신 사전검토 착수",YTN언론사 선정,https://www.ytn.co.kr/_ln/0103_202104292212576281
2021.04.30.,"코로나 백신 맞은 90대, 심정지로 병원 이송…호흡 돌아와",동아일보언론사 선정,https://www.donga.com/news/article/all/20210430/106691430/2
2021.05.03.,"미국, WTO와 코로나 백신 지적재산권 한시적 면제 논의",MBC,https://imnews.imbc.com/news/2021/world/article/6167101_34880.html
2021.05.03.,"절박한 인류, ‘백신 특허 중지’로 코로나에 맞서나",한겨레언론사 선정,http://www.hani.co.kr/arti/international/international_general/993646.html
2021.05.04.,[코로나19-중앙방역대책본부] 방역당국 “백신 1차 접종 마친 60세 이상 예방효과 86.6%” - 5월4일 오후 브리핑,KBS,https://news.kbs.co.kr/news/view.do?ncd=5177916&ref=A
2021.05.03.,"코로나백신 '특허권' 풀리나…美, WTO와 한시적 면제 논의",중앙일보,https://news.joins.com/article/olink/23643479
2021.05.01.,"WHO ""모더나 코로나19 백신 긴급승인""…코백스 배분 가능해져",MBC,https://imnews.imbc.com/news/2021/society/article/6165366_34873.html
2021.05.03.,"수원시, 코로나19 백신접종 불안심리 완화 '시민에 관련 정보공개'",한국경제,https://www.hankyung.com/society/article/202105033168h
2021.05.03.,"文 “코로나 백신 접종, 상반기 1,300만 명도 가능”",KBS,https://news.kbs.co.kr/news/view.do?ncd=5176934&ref=A
2021.04.30.,"KBO, 코로나19 백신 접종 다음날 5경기 취소하기로",SBS,https://news.sbs.co.kr/news/endPage.do?news_id=N1006302864&plink=ORI&cooper=NAVER
2021.05.03.,"미국, WTO와 코로나19 백신 지적재산권 한시적 면제 논의",KBS,https://news.kbs.co.kr/news/view.do?ncd=5176451&ref=A
2021.05.03.,코로나19 백신 접종 마친 여행객…'EU 입국 허용' 권고,한국경제,https://www.hankyung.com/international/article/2021050352297
2021.05.02.,코로나19 백신 1차 접종 339만 5104명…인구 6.6% 수준,한국경제,https://www.hankyung.com/society/article/2021050296277
2021.05.03.,버니 샌더스 “코로나19 백신 지적재산권 포기해야”,KBS,https://news.kbs.co.kr/news/view.do?ncd=5176333&ref=A
2021.05.01.,"WHO ""다음 주쯤 모더나·중국 코로나19 백신 승인 여부 결정""",YTN언론사 선정,https://www.ytn.co.kr/_ln/0104_202105010040094768
2021.05.03.,"美상원 거물 샌더스, 코로나19 백신 지재권 면제 주장",MBC,https://imnews.imbc.com/news/2021/world/article/6167011_34880.html
2021.04.29.,코로나19 백신 1차 접종자 누적 300만명 넘어…접종 시작 62일만,MBC언론사 선정,https://imnews.imbc.com/news/2021/society/article/6163777_34873.html
2021.05.05.,"[코로나19 국제뉴스] “WHO, 러 ‘스푸트니크 V’ 백신 최종 평가 7월쯤 나올 전망”",KBS,https://news.kbs.co.kr/news/view.do?ncd=5178464&ref=A
2021.05.02.,"정부 ""5~6월 코로나19 백신 접종계획 3일 발표""",한국일보언론사 선정,https://hankookilbo.com/News/Read/A2021050216570003035?did=NA
2021.05.01.,"동두천 카투사 1명, 얀센 백신 접종 후 코로나19 확진",SBS,https://news.sbs.co.kr/news/endPage.do?news_id=N1006303681&plink=ORI&cooper=NAVER
2021.05.02.,'코로나 폭증' 인도에 러시아 백신 첫 물량 도착,SBS,https://news.sbs.co.kr/news/endPage.do?news_id=N1006303964&plink=ORI&cooper=NAVER
2021.05.04.,"백혜련 ""코로나19 백신과 부동산 등 부족했던 민생 문제 해결 먼저""",한국일보,https://hankookilbo.com/News/Read/A2021050411230003946?did=NA
2021.05.03.,"美 상원 거물 샌더스, 코로나19 백신 지재권 면제 주장",SBS,https://news.sbs.co.kr/news/endPage.do?news_id=N1006304650&plink=ORI&cooper=NAVER
2021.05.04.,"'백신 없는' 북한 ""백신은 코로나19 방역 해결책 아냐""",MBC,https://imnews.imbc.com/news/2021/politics/article/6168311_34866.html
2021.05.02.,"백신 접종 선도국, 코로나 살기 좋은 나라 순위 약진…한국은?",SBS,https://news.sbs.co.kr/news/endPage.do?news_id=N1006304005&plink=ORI&cooper=NAVER
2021.04.30.,"KBO, '코로나19 백신 접종' 다음주 화요일 5경기 취소 결정",MBC,https://imnews.imbc.com/news/2021/sports/article/6164655_34901.html
2021.05.02.,국민이 백신 골라맞는 싱가포르···'코로나 회복국' 첫 1위,중앙일보,https://news.joins.com/article/olink/23643205
2021.05.03.,"“코로나 백신, 전세계에 공평 분배해야” 해리 왕자, 미 자선행사서 촉구",KBS,https://news.kbs.co.kr/news/view.do?ncd=5177176&ref=A
2021.05.01.,WHO “모더나 코로나19 백신 긴급승인”…코백스 배분 가능해져,KBS,https://news.kbs.co.kr/news/view.do?ncd=5175834&ref=A
2021.05.03.,"프랑스, QR코드로 코로나 백신 접종 인증…보건증명서 도입 시동",MBC,https://imnews.imbc.com/news/2021/world/article/6167999_34880.html
2021.05.05.,"WHO “북한, 코로나19 백신 도입 위한 사전 준비 진행”",KBS,https://news.kbs.co.kr/news/view.do?ncd=5178791&ref=A
2021.05.02.,"[속보] ""변경된 '2분기 코로나 백신 접종계획' 내일 발표""",한국경제언론사 선정,https://www.hankyung.com/society/article/2021050204697
2021.05.05.,"WHO “북한, 코로나19 백신 도입 위한 사전 준비 진행”",KBS,https://news.kbs.co.kr/news/view.do?ncd=5178815&ref=A
2021.05.02.,코로나19 폭증 인도에 러 '스푸트니크 V' 백신 첫물량 도착,MBC,https://imnews.imbc.com/news/2021/world/article/6166098_34880.html
2021.05.04.,"덴마크, AZ 이어 얀센 코로나19 백신 접종 대상서 제외",SBS,https://news.sbs.co.kr/news/endPage.do?news_id=N1006306183&plink=ORI&cooper=NAVER
2021.05.03.,부산 코로나 백신 접종 이후 3명 사망…방역당국 연관성 조사,서울신문,https://www.seoul.co.kr/news/newsView.php?id=20210503500143&wlog_tag3=naver
2021.04.30.,토종 코로나19 백신 임상 1상 신청,KBS,https://news.kbs.co.kr/news/view.do?ncd=5175597&ref=A
2021.05.04.,[키워드이슈] 코로나19 백신 수급 상황은?,KBS,https://news.kbs.co.kr/news/view.do?ncd=5178133&ref=A
2021.04.30.,"화이자, 미국서 생산한 코로나19 백신 첫 해외 공급",MBC,https://imnews.imbc.com/news/2021/world/article/6164247_34880.html
2021.04.30.,"화이자, 미국서 생산한 코로나19 백신 첫 해외 공급",KBS,https://news.kbs.co.kr/news/view.do?ncd=5175060&ref=A
2021.04.29.,코로나19 백신 이상반응 ‘장기 감시 체계’ 만든다,한겨레,http://www.hani.co.kr/arti/society/health/993242.html
2021.04.30.,"화이자, 미국서 생산한 코로나19 백신 첫 해외 공급",KBS,https://news.kbs.co.kr/news/view.do?ncd=5175069&ref=A
2021.05.03.,"김강립 식약처장 등, 코로나19 백신 맞아…“안심하고 접종”",중앙일보,https://news.joins.com/article/olink/23643839
2021.05.03.,옥천군 “11월까지 인구 70% 코로나19 백신 접종”,KBS,https://news.kbs.co.kr/news/view.do?ncd=5177303&ref=A
2021.05.04.,[자막있슈] 위·변조 절대 불가라더니 '3분' 만에 위조 가능한 코로나 백신 증명서,SBS,https://news.sbs.co.kr/news/endPage.do?news_id=N1006306632&plink=ORI&cooper=NAVER
2021.04.28.,코로나19 백신 접종 후 이상반응 사례 4건에 첫 피해보상,경향신문언론사 선정,http://news.khan.co.kr/kh_news/khan_art_view.html?artid=202104282048005&code=940100
2021.05.03.,“코로나19 토착화…독감처럼 매년 백신 맞아야”,KBS,https://news.kbs.co.kr/news/view.do?ncd=5177345&ref=A
2021.04.27.,‘독감+코로나’ 예방…노바백스 CEO가 말한 ‘콤보 백신’ 무엇?,한겨레언론사 선정,http://www.hani.co.kr/arti/society/health/992877.html
2021.05.03.,"[사이언스 브런치] 코로나 백신 한 번만 맞아도 감염률은 뚝, 변이 바이러스엔 취약",서울신문언론사 선정,https://www.seoul.co.kr/news/newsView.php?id=20210503500129&wlog_tag3=naver
2021.04.28.,[팩트체크K] “백신 접종 효과 100%”…맞으면 코로나19 안 걸린다는 의미?,KBS언론사 선정,http://news.kbs.co.kr/news/view.do?ncd=5172936&ref=A
2021.05.01.,코로나 백신 이상반응 신고 697건 늘었다…사망 2건 추가,한국일보,https://hankookilbo.com/News/Read/A2021050109560001824?did=NA
2021.05.02.,메르켈 “늦어도 6월부턴 누구나 코로나19 백신 접종”,KBS,https://news.kbs.co.kr/news/view.do?ncd=5176218&ref=A
2021.04.30.,[속보]신규 확진자 이틀째 600명대…인구 대비 코로나19 백신 접종률 6%,경향신문언론사 선정,http://news.khan.co.kr/kh_news/khan_art_view.html?artid=202104300939001&code=940100
2021.05.04.,[외안구단] 북한한테 코로나19 백신은 '신 포도'?,JTBC,https://news.jtbc.joins.com/article/article.aspx?news_id=NB12002980
2021.05.04.,[외안구단] 북한한테 코로나19 백신은 '신 포도'?,JTBC,https://news.jtbc.joins.com/article/article.aspx?news_id=NB12002980
2021.04.30.,"인천서 코로나 백신 맞은 90대, 당일 심정지 증상",한국경제,https://www.hankyung.com/society/article/2021043045637
2021.05.02.,"인도 코로나 확진 조금 줄어 39만 명…""모든 성인에게 백신을""",SBS,https://news.sbs.co.kr/news/endPage.do?news_id=N1006304048&plink=ORI&cooper=NAVER
2021.05.02.,"인도 코로나 확진 조금 줄어 39만 명…""모든 성인에게 백신을""",SBS,https://news.sbs.co.kr/news/endPage.do?news_id=N1006304048&plink=ORI&cooper=NAVER
2021.05.03.,"러시아, 코로나19 백신 접종자도 귀국후 PCR 검사 2회 의무화",MBC,https://imnews.imbc.com/news/2021/world/article/6167721_34880.html
2021.04.28.,코로나19 백신 이상반응 4건 첫 피해보상 결정,SBS,https://news.sbs.co.kr/news/endPage.do?news_id=N1006299654&plink=ORI&cooper=NAVER
2021.05.03.,"원주시, 5월 코로나19 백신 예방접종 사전예약 시행",KBS,https://news.kbs.co.kr/news/view.do?ncd=5176837&ref=A
2021.04.29.,김연경도 백신 접종…'축제' 대신 '코로나 올림픽' 되나,TV조선,http://news.tvchosun.com/site/data/html_dir/2021/04/29/2021042990167.html
2021.04.29.,김연경도 백신 접종…'축제' 대신 '코로나 올림픽' 되나,TV조선,http://news.tvchosun.com/site/data/html_dir/2021/04/29/2021042990167.html
2021.04.28.,"[World Now] ""산소·백신 달라"" '코로나 지옥'의 아우성…""산소 특급기차 투입""",MBC언론사 선정,https://imnews.imbc.com/news/2021/world/article/6162279_34880.html
2021.04.29.,도쿄올림픽·패럴림픽 선수단 코로나19 백신 접종,중앙일보,https://news.joins.com/article/olink/23641804
2021.05.03.,"[속보] 중앙임상위 ""11월 코로나 집단면역 어려워…백신 매년 맞아야""",한국경제,https://www.hankyung.com/society/article/2021050330647
2021.04.29.,"식약처, 노바백스·스푸트니크V 코로나 백신 사전검토 착수",MBC,https://imnews.imbc.com/news/2021/society/article/6163782_34873.html
2021.05.03.,"러시아 코로나19 백신 '코비박', WHO 사용 승인 신청…'휴먼엔' 관심↑",매일경제,http://news.mk.co.kr/newsRead.php?no=426077&year=2021
2021.04.28.,"코로나19 백신 접종 뒤 이상반응 4건, 첫 피해보상 결정",한겨레,http://www.hani.co.kr/arti/society/health/993036.html
2021.04.30.,"inno.N, 코로나19 백신 후보물질 임상 1상 신청… “변이 바이러스 효능 확인”",동아일보,https://www.donga.com/news/article/all/20210430/106690798/1
2021.05.01.,"터키, 러시아 스푸트니크V 코로나19 백신 긴급사용 승인",KBS,https://news.kbs.co.kr/news/view.do?ncd=5175864&ref=A
2021.05.04.,"美 생산 코로나 백신, 해외 공급 본격화…대상 국가는?",MBN,http://mbn.mk.co.kr/pages/news/newsView.php?category=mbn00008&news_seq_no=4494394
2021.04.29.,[속보] 코로나19 백신 1차 접종자 누적 300만명 넘어,한국경제,https://www.hankyung.com/society/article/2021042930607
2021.04.30.,"이노엔, 코로나19 백신 후보물질 임상1상 신청",매일경제,http://news.mk.co.kr/newsRead.php?no=418491&year=2021
2021.04.30.,"이노엔, 코로나19 백신 후보물질 임상1상 신청",매일경제,http://news.mk.co.kr/newsRead.php?no=418491&year=2021
2021.04.26.,"미, 코로나19 급증 인도에 백신 원료 지원…각국도 도움 나서",한겨레언론사 선정,http://www.hani.co.kr/arti/international/international_general/992550.html
2021.04.27.,코로나 'K백신' 이르면 연내 인도네시아 수출,한국경제,https://www.hankyung.com/it/article/2021042729531
2021.04.29.,"도쿄올림픽 태극전사 백신 접종…""코로나 걱정 없이 대회 준비""",SBS,https://news.sbs.co.kr/news/endPage.do?news_id=N1006301798&plink=ORI&cooper=NAVER
2021.04.28.,[속보] 코로나19 백신 일일 접종자 첫 20만명 돌파,한국경제언론사 선정,https://www.hankyung.com/life/article/2021042885377
2021.05.03.,인도발 코로나 사태 악화에 백신 지적재사권 면제논의 급물살,MBC,https://imnews.imbc.com/news/2021/world/article/6167724_34880.html
2021.04.29.,[영상] 도쿄올림픽 대표팀 코로나19 백신 접종…다음 달 3일까지 931명,SBS,https://news.sbs.co.kr/news/endPage.do?news_id=N1006301321&plink=ORI&cooper=NAVER
2021.05.03.,"화이자 CEO ""인도 정부와 코로나 백신 신속 승인 논의""",YTN,https://www.ytn.co.kr/_ln/0104_202105031629187957
2021.05.03.,"프랑스, '코로나 백신 접종 인증' 보건 증명서 도입 시동",SBS,https://news.sbs.co.kr/news/endPage.do?news_id=N1006305952&plink=ORI&cooper=NAVER
2021.04.30.,"HK이노엔, 코로나19 백신 후보물질 임상 1상 신청",한국경제,https://www.hankyung.com/it/article/202104304373i
2021.04.28.,군 30세 이상 장병 코로나19 백신 접종 시작…“83% 접종 동의”,KBS,http://news.kbs.co.kr/news/view.do?ncd=5173207&ref=A
2021.04.30.,교정공무원 코로나19 백신 1차 접종 완료…“7월 말 집단 면역 기대”,KBS,https://news.kbs.co.kr/news/view.do?ncd=5175385&ref=A
2021.04.30.,"미 70대, 백신 2차접종 완료후 한달만에 코로나19로 사망",KBS,https://news.kbs.co.kr/news/view.do?ncd=5175237&ref=A
2021.04.25.,높은 접종률 ≠ 코로나 종식…백신 수급에 관한 7가지 질문,한겨레언론사 선정,http://www.hani.co.kr/arti/society/society_general/992489.html
2021.05.02.,트립스 협정 일시 유예로 백신 대량 공급해야 코로나 종식,경향신문,http://news.khan.co.kr/kh_news/khan_art_view.html?artid=202105021018001&code=940100
2021.05.02.,트립스 협정 일시 유예로 백신 대량 공급해야 코로나 종식,경향신문,http://news.khan.co.kr/kh_news/khan_art_view.html?artid=202105021018001&code=940100
2021.05.01.,日 골든위크 코로나 방어 총력전…“올림픽 전까지 백신 효과 나와야”,서울신문언론사 선정,https://www.seoul.co.kr/news/newsView.php?id=20210430500147&wlog_tag3=naver
2021.04.29.,"""코로나는 독감"" 백신 안 맞았다가…중환자실 입원",SBS언론사 선정,https://news.sbs.co.kr/news/endPage.do?news_id=N1006300815&plink=ORI&cooper=NAVER
2021.04.30.,"""AZ, 코로나 백신 미국 긴급사용 승인 신청 지연""",MBC,https://imnews.imbc.com/news/2021/world/article/6164213_34880.html
2021.04.27.,코로나19 백신 대신 '식염수 주입'…독일 간호사 해고,한국경제언론사 선정,https://www.hankyung.com/international/article/2021042734147
2021.04.29.,"[속보] 식약처, 노바백스·스푸트니크V 코로나 백신 사전검토 착수",한국경제,https://www.hankyung.com/society/article/2021042931877
2021.05.03.,"[속보] 문 대통령 ""부동산·코로나19 백신 문제 해결 최우선""",한국경제언론사 선정,https://www.hankyung.com/politics/article/2021050335747
2021.04.27.,"제넥신, 인니 코로나19 백신 공급 소식에 '급등'",한국경제,https://www.hankyung.com/finance/article/2021042701796
2021.04.27.,"제넥신, 인니 코로나19 백신 공급 소식에 '급등'",한국경제,https://www.hankyung.com/finance/article/2021042701796
2021.04.29.,화이자 이어 모더나도 코로나 백신 연 30억 회분으로 높여,SBS,https://news.sbs.co.kr/news/endPage.do?news_id=N1006301277&plink=ORI&cooper=NAVER
2021.04.30.,"탬파베이 쓰쓰고, 코로나19 백신 접종 후유증으로 부상자 명단",SBS,https://news.sbs.co.kr/news/endPage.do?news_id=N1006302073&plink=ORI&cooper=NAVER
2021.04.30.,‘코로나 생지옥’ 인도에 美 AZ 백신·러 의약품 지원,서울신문언론사 선정,https://www.seoul.co.kr/news/newsView.php?id=20210430016003&wlog_tag3=naver
2021.04.27.,"EU, 코로나19 백신 공급 지연 AZ에 소송 제기",YTN언론사 선정,https://www.ytn.co.kr/_ln/0104_202104270004392785
2021.04.30.,"독일, 하루에 100만명 코로나백신 접종…3차 유행 직면하자 서둘러",한겨레언론사 선정,http://www.hani.co.kr/arti/international/international_general/993324.html
2021.04.28.,백신접종 135일째 마스크 벗는 美… 코로나 출구전략 본격화,서울신문언론사 선정,https://www.seoul.co.kr/news/newsView.php?id=20210428500104&wlog_tag3=naver
2021.04.29.,코로나19 신규확진 680명…백신 1차 접종 280만명,TV조선언론사 선정,http://news.tvchosun.com/site/data/html_dir/2021/04/29/2021042990034.html
2021.04.29.,코로나19 신규확진 680명…백신 1차 접종 280만명,TV조선언론사 선정,http://news.tvchosun.com/site/data/html_dir/2021/04/29/2021042990034.html
2021.04.29.,코로나19 680명 신규확진…백신 1차접종 22만 700여 명 늘어,MBC언론사 선정,https://imnews.imbc.com/news/2021/society/article/6163352_34873.html
2021.04.28.,박형준 부산시장의 코로나19 백신 접종이 늦은 까닭은?,한겨레,http://www.hani.co.kr/arti/area/yeongnam/992962.html
2021.04.29.,접종 62일 만에 코로나 백신 1차 접종자 누적 300만 명 넘어,SBS,https://news.sbs.co.kr/news/endPage.do?news_id=N1006301648&plink=ORI&cooper=NAVER
2021.04.24.,"美 ""얀센 코로나19 백신, 사용 재개 권고…경고 문구만 삽입""",TV조선언론사 선정,http://news.tvchosun.com/site/data/html_dir/2021/04/24/2021042490004.html
2021.04.29.,"화이자 이어 모더나도 코로나 백신 내년 생산 목표 ""연 30억회분""",MBC,https://imnews.imbc.com/news/2021/world/article/6163648_34880.html
2021.05.04.,밀림 자택에서 코로나 백신 맞은 1900년생 페루 할아버지,서울신문,https://nownews.seoul.co.kr/news/newsView.php?id=20210504601009&wlog_tag3=naver
2021.05.01.,코로나19 백신 접종 20대 공무원 희귀질환 진단,KBS,https://news.kbs.co.kr/news/view.do?ncd=5175739&ref=A
2021.05.01.,코로나19 백신 접종 20대 공무원 희귀질환 진단,KBS,https://news.kbs.co.kr/news/view.do?ncd=5175739&ref=A
2021.04.24.,"코로나19 백신 추가 도입…정부, 오늘 긴급브리핑 개최",한국경제언론사 선정,https://www.hankyung.com/society/article/2021042416687
2021.04.24.,"빌 게이츠 ""백신 덕분에 곧 코로나19 대유행 끝날 것""",YTN언론사 선정,https://www.ytn.co.kr/_ln/0104_202104240850015781
2021.04.30.,"서울시 ""자치구별 '코로나19 백신' 보관 물량 재배정할 예정""",MBC,https://imnews.imbc.com/news/2021/society/article/6164649_34873.html
2021.04.30.,"화이자, 미국에서 생산한 코로나19 백신 첫 해외 공급",YTN,https://www.ytn.co.kr/_ln/0104_202104300916207177
2021.05.02.,코로나19 폭증 인도에 ‘스푸트니크 V’ 백신 첫 물량 도착,KBS,https://news.kbs.co.kr/news/view.do?ncd=5176061&ref=A
2021.04.28.,남양주서 코로나 19 백신 맞고 숨진 90대…‘연관성 조사 중’,KBS,http://news.kbs.co.kr/news/view.do?ncd=5173314&ref=A
2021.04.28.,“코로나19 백신 접종 후 이상반응 9건 중 4건 확인…보상 인정”,KBS,http://news.kbs.co.kr/news/view.do?ncd=5173317&ref=A
2021.05.02.,코로나19 백신 1차 접종자 3만9천여명 추가…누적 339만여명,MBC,https://imnews.imbc.com/news/2021/society/article/6166298_34873.html
2021.04.29.,[레이더P] K방역 호평에서 백신 뒷북 논란까지…코로나 대응 1년,매일경제언론사 선정,http://raythep.mk.co.kr/newsView.php?no=24102
2021.05.04.,"원주시, 5월 코로나 백신 예방접종 사전예약 시행",KBS,https://news.kbs.co.kr/news/view.do?ncd=5177547&ref=A
2021.04.26.,"정부, 오늘 오전 ‘코로나19 백신’ 대국민 담화",KBS,http://news.kbs.co.kr/news/view.do?ncd=5170797&ref=A
2021.04.24.,美 CDC 자문기구 “얀센 코로나19 백신 사용 재개” 권고,서울신문언론사 선정,https://www.seoul.co.kr/news/newsView.php?id=20210424500004&wlog_tag3=naver
2021.04.28.,"'코로나19 백신 접종' 서울 종합병원 종사자, 선제검사 대상서 '제외'",한국경제언론사 선정,https://www.hankyung.com/society/article/2021042842007
2021.04.30.,"터키, 러시아 스푸트니크V 코로나19 백신 긴급사용 승인",KBS,https://news.kbs.co.kr/news/view.do?ncd=5175753&ref=A
2021.04.28.,남양주서 90대 여성 코로나19 백신 접종 2시간 후 사망,서울신문,https://www.seoul.co.kr/news/newsView.php?id=20210428500082&wlog_tag3=naver
2021.04.24.,"한국정부, 화이자 추가로 뚫었다…코로나백신 4000만회분 추가 구매계약",매일경제언론사 선정,http://news.mk.co.kr/newsRead.php?no=395611&year=2021
2021.05.03.,[서울포토] 백신전용 냉장고 안 코로나19 백신,서울신문,https://www.seoul.co.kr/news/newsView.php?id=20210503500090&wlog_tag3=naver
2021.04.30.,"코로나19 백신 접종 305만 명...""매일 20만 명대 접종 계속""",YTN,https://www.ytn.co.kr/_ln/0103_202104301608451567
2021.05.03.,[서울포토]전용 냉장고에 보관된 코로나19 백신,서울신문,https://www.seoul.co.kr/news/newsView.php?id=20210503500045&wlog_tag3=naver
2021.04.30.,"프랑스, 6월 중순부터 모든 성인 코로나19 백신 접종 확대",SBS,https://news.sbs.co.kr/news/endPage.do?news_id=N1006303292&plink=ORI&cooper=NAVER
2021.04.30.,'코로나 백신 맞으면 생식력 떨어진다'?…미국서 퍼지는 미신,SBS,https://news.sbs.co.kr/news/endPage.do?news_id=N1006302112&plink=ORI&cooper=NAVER
2021.04.30.,"화이자 ""유럽의약품청에 코로나 백신 접종 대상 12~15세까지 확대 요청""",한국경제,https://www.hankyung.com/international/article/2021043078247
2021.05.03.,코로나 488명 신규 확진…백신 1차 접종 누적 339만 7천 명,MBN,http://mbn.mk.co.kr/pages/news/newsView.php?category=mbn00009&news_seq_no=4493351
2021.04.30.,"WHO “모더나·중국 코로나 백신 긴급사용 승인여부, 내주 기대”",KBS,https://news.kbs.co.kr/news/view.do?ncd=5175757&ref=A
2021.04.30.,"코로나19 백신 접종 305만 명...""예비 명단 마련해 추가 접종""",YTN,https://www.ytn.co.kr/_ln/0103_202104301404271434
2021.04.29.,"“GC녹십자, 1분기 부진 일시적…코로나 백신 CMO 가능성 유효”",한국경제,https://www.hankyung.com/it/article/202104299224i
2021.04.30.,"코로나19 백신 접종 3백만 명 돌파...""상반기 1,200만 명 목표""",YTN,https://www.ytn.co.kr/_ln/0103_202104300948371117
2021.04.30.,"코로나19 백신 접종 3백만 명 돌파...""상반기 1,200만 명 목표""",YTN,https://www.ytn.co.kr/_ln/0103_202104300948371117
2021.04.26.,"美 바이든, 백신 지원은 '쏙' 빼고 ""인도 코로나 대응 도울 것""",한국일보언론사 선정,https://hankookilbo.com/News/Read/A2021042611050005067?did=NA
2021.04.25.,백신접종 10억회 돌파했지만...세계 코로나19 일일 발생 연일 최고치,경향신문언론사 선정,http://news.khan.co.kr/kh_news/khan_art_view.html?artid=202104251437001&code=970100
2021.04.26.,권덕철 “코로나19 백신 확보 충분…러시아 백신 도입 고려 안해”,채널A언론사 선정,http://www.ichannela.com/news/main/news_detailPage.do?publishId=000000247475
2021.04.29.,백악관 “코로나 백신 지재권 면제 검토… 생산 증대도 고려”,동아일보언론사 선정,https://www.donga.com/news/article/all/20210429/106666370/1
2021.04.29.,"식약처, 노바백스·스푸트니크V 코로나 백신 사전검토 착수",YTN,https://www.ytn.co.kr/_ln/0103_202104291802251928
2021.04.26.,‘코로나 백신 폐기사고’ 보도 전 주식 팔아치운 美 CEO,서울신문언론사 선정,https://www.seoul.co.kr/news/newsView.php?id=20210426500162&wlog_tag3=naver
2021.04.29.,"'백신 챔피언' 이스라엘, 3주후 모든 코로나 방역 조치 해제 예상",한국경제,https://www.hankyung.com/international/article/2021042988077
2021.04.27.,"문 대통령, 코로나 백신 '노바백스' CEO 접견…""국내 도입 논의""",MBC,https://imnews.imbc.com/news/2021/politics/article/6161107_34866.html
2021.04.28.,"美 백악관 ""코로나 백신 지식재산권 면제 고려 중""",YTN,https://www.ytn.co.kr/_ln/0104_202104281316437757
2021.04.26.,"문 대통령, 내일 코로나 백신 '노바백스' CEO 접견…""국내 도입 논의""",MBC,https://imnews.imbc.com/news/2021/politics/article/6160547_34866.html
2021.04.27.,"EU, 코로나19 백신 공급 지연 AZ에 소송 제기",SBS,https://news.sbs.co.kr/news/endPage.do?news_id=N1006297332&plink=ORI&cooper=NAVER
2021.05.03.,"“민간소비 회복 속도, 코로나 백신 접종률이 좌우”",경향신문,http://news.khan.co.kr/kh_news/khan_art_view.html?artid=202105031732021&code=920100
2021.04.30.,"美 70대, 백신 접종 한 달 만에 코로나19로 사망",YTN,https://www.ytn.co.kr/_ln/0104_202104301010269346
2021.05.04.,"[코로나19 국제뉴스] 백신 지식재산권 풀릴까…美-WTO, 한시적 면제 논의",KBS,https://news.kbs.co.kr/news/view.do?ncd=5177426&ref=A
2021.04.30.,"코로나19 백신 접종 305만 명...""접종 시설·대상 늘려 빠르게 진행""",YTN,https://www.ytn.co.kr/_ln/0103_202104301146420332
2021.04.29.,"도쿄올림픽 태극전사 백신 접종...""코로나 걱정 없이 준비""",YTN,https://www.ytn.co.kr/_ln/0107_202104291737058428
2021.04.30.,코로나19 신규 확진자 661명…백신 접종 300만 명 넘어,KBS,https://news.kbs.co.kr/news/view.do?ncd=5175276&ref=A
2021.04.24.,빌 게이츠 “코로나19 팬데믹 종식될 것...우리에겐 백신이 있다”,서울신문언론사 선정,https://www.seoul.co.kr/news/newsView.php?id=20210424500007&wlog_tag3=naver
2021.04.28.,"포씨게이트, 코로나19 백신 '스마트 예진 시스템' 공급 개시",한국경제,https://www.hankyung.com/it/article/202104284669i
2021.04.30.,코로나19 신규 확진자 661명…백신 접종 300만 명 넘어,KBS,https://news.kbs.co.kr/news/view.do?ncd=5175329&ref=A
2021.05.01.,국내 코로나19 백신 접종자 하루 25만명 돌파…하루 최다,MBC,https://imnews.imbc.com/news/2021/society/article/6165497_34873.html
2021.04.27.,"새치기로 중국 백신 접종했던 페루 전 대통령, 코로나19 확진",MBC,https://imnews.imbc.com/news/2021/world/article/6161049_34880.html
2021.04.26.,美 얀센 코로나19 백신 접종 재개…15명 중 10명 찬성표 던져,한국경제언론사 선정,https://www.hankyung.com/international/article/2021042645597
2021.04.27.,새치기로 ‘中백신 접종’ 페루 前대통령 코로나19 확진,서울신문언론사 선정,https://www.seoul.co.kr/news/newsView.php?id=20210427500001&wlog_tag3=naver
2021.05.04.,[전문가에게 듣는다] “코로나 토착화 가능성…매년 백신 맞아야 할 수도”,KBS,https://news.kbs.co.kr/news/view.do?ncd=5177425&ref=A
2021.04.28.,"미 백악관 ""코로나 백신 지식재산권 면제 고려…결정은 안돼""",MBC,https://imnews.imbc.com/news/2021/world/article/6162047_34880.html
2021.04.29.,"호주, 코로나19 백신 접종 후 사망 사례 2건 조사",SBS,https://news.sbs.co.kr/news/endPage.do?news_id=N1006301307&plink=ORI&cooper=NAVER
2021.04.27.,"EU, 코로나19 백신공급 대대적 지연 AZ에 소송 제기",MBC,https://imnews.imbc.com/news/2021/world/article/6160950_34880.html
2021.04.27.,"제넥신, 印尼에 임상중인 코로나백신 선판매",매일경제,http://news.mk.co.kr/newsRead.php?no=406123&year=2021
2021.04.22.,[속보] 상하이서 40대 교민 사망…사흘전 中 코로나 백신 접종,한국경제언론사 선정,https://www.hankyung.com/society/article/2021042256097
2021.04.27.,[유레카] ‘인간의 얼굴을 한’ 코로나 백신 / 이종규,한겨레언론사 선정,http://www.hani.co.kr/arti/opinion/column/992827.html
2021.04.29.,모더나도 내년 코로나19 백신 생산량 30억 회분으로 늘려,YTN,https://www.ytn.co.kr/_ln/0104_202104291547534199
2021.04.22.,"바이든 ""코로나19 백신, 다른나라 줄만큼 충분하지 않아""",한국경제언론사 선정,https://www.hankyung.com/international/article/2021042225707
2021.04.29.,성창현 태안해경서장 코로나19 백신 접종,한국일보,https://hankookilbo.com/News/Read/A2021042917320003743?did=NA
2021.04.27.,"제넥신, 임상 단계 코로나19 백신 1000만 도스 선판매",한국경제,https://www.hankyung.com/it/article/202104279768i
2021.04.30.,코로나 백신 24만여명 추가 접종…누적 305만여명,MBC,https://imnews.imbc.com/news/2021/society/article/6164398_34873.html
2021.04.30.,"미국서 백신 2차 접종까지 마친 70대, 코로나19로 사망",한국경제,https://www.hankyung.com/international/article/2021043048317
2021.04.28.,미 백악관 “코로나 백신 지식재산권 면제 고려…결정된 건 아냐”,KBS,http://news.kbs.co.kr/news/view.do?ncd=5172870&ref=A
2021.04.29.,"코로나 백신 접종 완료자, 요양병원 '대면 면회' 할 수 있다",한국일보,https://hankookilbo.com/News/Read/A2021042918160004707?did=NA
2021.04.22.,상하이서 40대 한국교민 사망…“사흘 전 코로나 백신 접종”,KBS언론사 선정,http://news.kbs.co.kr/news/view.do?ncd=5169095&ref=A
2021.04.29.,‘코로나 백신패권’에 맞설 무기는 ‘마이크로바이옴’,경향신문,http://news.khan.co.kr/kh_news/khan_art_view.html?artid=202104291543021&code=940601
2021.04.23.,"'백신 속도전' 이스라엘, 10개월 만에 코로나 신규 사망자 '0명'",MBC언론사 선정,https://imnews.imbc.com/news/2021/world/article/6158354_34880.html
2021.04.30.,"서욱, 軍 코로나19 백신 접종 현장점검…“자발적 동의 우선”",중앙일보,https://news.joins.com/article/olink/23642652
2021.04.30.,백신 접종 시작한 태극전사…코로나 딛고 도쿄로!,KBS,https://news.kbs.co.kr/news/view.do?ncd=5174884&ref=A
2021.04.29.,코로나 신규 확진 680명…백신 280만 8천여 명 접종,SBS,https://news.sbs.co.kr/news/endPage.do?news_id=N1006300763&plink=ORI&cooper=NAVER
2021.04.29.,코로나 신규 확진 680명…백신 280만 8천여 명 접종,SBS,https://news.sbs.co.kr/news/endPage.do?news_id=N1006300763&plink=ORI&cooper=NAVER
2021.04.28.,"""코로나19 백신 1회 접종으로 가정 내 감염 절반 감소""",MBC,https://imnews.imbc.com/news/2021/world/article/6162755_34880.html
2021.04.24.,"빌 게이츠 ""백신 있어 코로나19 끝난다""",SBS,https://news.sbs.co.kr/news/endPage.do?news_id=N1006294567&plink=ORI&cooper=NAVER
2021.04.29.,"EU, '최대 규모' 코로나 백신 18억회분 확보한 비결은?",MBN,http://mbn.mk.co.kr/pages/news/newsView.php?category=mbn00008&news_seq_no=4490400
2021.04.28.,"""코로나19 백신 1회 접종으로 가정 내 감염 절반 감소""",SBS,https://news.sbs.co.kr/news/endPage.do?news_id=N1006299943&plink=ORI&cooper=NAVER
2021.04.30.,"[서울] 서울시, 자치구별 코로나 백신 보관 물량 재배정",YTN,https://www.ytn.co.kr/_ln/0115_202104301317546711
2021.04.30.,'백신 접종 후 3주'의 힘…코로나 양성·음성 갈랐다,JTBC,https://news.jtbc.joins.com/article/article.aspx?news_id=NB12002565
2021.04.30.,'백신 접종 후 3주'의 힘…코로나 양성·음성 갈랐다,JTBC,https://news.jtbc.joins.com/article/article.aspx?news_id=NB12002565
2021.04.22.,개 코로나 백신을 사람들에게 투여한 칠레 수의사들 적발,YTN언론사 선정,https://www.ytn.co.kr/_ln/0104_202104221112201021
2021.04.22.,'개 코로나 백신' 맞은 사람들...칠레서 발생한 황당 사건,YTN언론사 선정,https://www.ytn.co.kr/_ln/0104_202104221523180475
2021.04.27.,"""유럽연합 성인 4분의 1 코로나19 백신 최소 1회 접종""",SBS,https://news.sbs.co.kr/news/endPage.do?news_id=N1006298606&plink=ORI&cooper=NAVER
2021.04.26.,식약처 “노바백스 코로나19 백신 허가 사전 상담 진행 중”,KBS,http://news.kbs.co.kr/news/view.do?ncd=5171325&ref=A
2021.04.29.,코로나19 백신 1차 접종자 누적 300만 명 넘어...접종 시작 62일만,YTN,https://www.ytn.co.kr/_ln/0103_202104291802413741
2021.04.29.,백신 접종 시작한 태극전사…코로나 딛고 도쿄로!,KBS,https://news.kbs.co.kr/news/view.do?ncd=5174790&ref=A
2021.04.26.,軍 ‘코로나 불만’ 폭발…백신 접종도 앞당겨 모레부터,KBS언론사 선정,http://news.kbs.co.kr/news/view.do?ncd=5171337&ref=A
2021.04.27.,"비스카라 전 페루 대통령, 중국 시노팜 백신 새치기 접종했지만 코로나19 감염",KBS,http://news.kbs.co.kr/news/view.do?ncd=5171795&ref=A
2021.04.27.,"'새치기 백신 접종' 페루 전 대통령, 코로나19 확진",MBN언론사 선정,http://mbn.mk.co.kr/pages/news/newsView.php?category=mbn00008&news_seq_no=4488222
2021.04.22.,"美 ‘코로나 백신, 국내 공급 우선’…2억회 접종 초과",KBS언론사 선정,http://news.kbs.co.kr/news/view.do?ncd=5168447&ref=A
2021.04.24.,"美보건당국, 얀센 코로나19 백신 접종 재개 권고",한국경제,https://www.hankyung.com/international/article/2021042412727
2021.04.24.,"美보건당국, 얀센 코로나19 백신 접종 재개 권고",한국경제,https://www.hankyung.com/international/article/2021042412727
2021.04.21.,"이재명 ""러시아 코로나 백신 청와대에 공개 검증 요청""",매일경제언론사 선정,http://news.mk.co.kr/newsRead.php?no=383946&year=2021
2021.04.24.,빌 게이츠 “백신이 있으니 코로나 끝이 올 것”,조선일보,https://www.chosun.com/international/international_general/2021/04/24/6IBCN64HNZCJ7OOFFKOFYIMBQA/?utm_source=naver&utm_medium=referral&utm_campaign=naver-news
2021.04.23.,"백신 지연에 뒤집힌 코로나 여론…""잘한다"" 43% vs ""잘못"" 49%",한국경제언론사 선정,https://www.hankyung.com/politics/article/2021042391227
2021.04.23.,"백신 지연에 뒤집힌 코로나 여론…""잘한다"" 43% vs ""잘못"" 49%",한국경제언론사 선정,https://www.hankyung.com/politics/article/2021042391227
2021.05.04.,[이재갑의 감염병 이야기] 이제는 코로나19 백신 접종 수용도를 높여야 할 때,서울신문,https://www.seoul.co.kr/news/newsView.php?id=20210504029011&wlog_tag3=naver
2021.04.25.,"이란, 자체 개발 코로나19 백신 대량 생산 시작",MBC,https://imnews.imbc.com/news/2021/world/article/6159997_34880.html
2021.04.27.,코로나19 백신 1차 접종자 14만 1천여 명↑…신규 이상반응 신고 546건,KBS,http://news.kbs.co.kr/news/view.do?ncd=5172110&ref=A
2021.04.29.,코로나 백신접종 예약 콜센터 다음주 연다,한국일보,https://hankookilbo.com/News/Read/A2021042911500001069?did=NA
2021.04.29.,"'태극전사'들 코로나 백신 접종 시작돼…김연경 선수, 화이자로",MBN언론사 선정,http://mbn.mk.co.kr/pages/news/newsView.php?category=mbn00009&news_seq_no=4491238
2021.04.22.,정부 “얀센 코로나19 백신 도입 준비”...접종 대상·기준 등 심의 예정,서울신문언론사 선정,https://www.seoul.co.kr/news/newsView.php?id=20210422500138&wlog_tag3=naver
2021.04.25.,"이란, 자체 개발 코로나19 백신 대량 생산 돌입",KBS,http://news.kbs.co.kr/news/view.do?ncd=5170783&ref=A
2021.04.25.,"이란, 자체 개발 코로나19 백신 대량 생산 돌입",KBS,http://news.kbs.co.kr/news/view.do?ncd=5170783&ref=A
2021.04.27.,코로나 백신 접종 느린 일본…두 달 반 만에 모더나 승인 전망,MBC,https://imnews.imbc.com/news/2021/world/article/6161850_34880.html
2021.04.26.,R&D와 생산설비에 대규모 투자… 코로나19 백신 글로벌 개발·생산기지로 부상,조선일보,https://www.chosun.com/special/special_section/2021/04/26/JPTENPJXPFBELCS5DS7POTN2HU/?utm_source=naver&utm_medium=referral&utm_campaign=naver-news
2021.04.26.,홍남기 오늘 대국민담화…코로나 백신 수급 및 접종 계획 발표,MBC,https://imnews.imbc.com/news/2021/politics/article/6160148_34866.html
2021.04.28.,'변이 바이러스' 잡는 국산 코로나19 치료제·백신 아직은 가물가물,한국일보,https://hankookilbo.com/News/Read/A2021042716420003679?did=NA
2021.04.28.,바이든 정부 “코로나 백신 특허 일시 완화 고려”,조선일보,https://www.chosun.com/international/international_general/2021/04/28/TYT77YKKPBDY5MWALDFKQK4TYI/?utm_source=naver&utm_medium=referral&utm_campaign=naver-news
2021.04.28.,바이든 정부 “코로나 백신 특허 일시 완화 고려”,조선일보,https://www.chosun.com/international/international_general/2021/04/28/TYT77YKKPBDY5MWALDFKQK4TYI/?utm_source=naver&utm_medium=referral&utm_campaign=naver-news
2021.04.26.,"“코로나19 백신 맞은 미국인 500만 명, 두 번째 접종 안 해”",KBS,http://news.kbs.co.kr/news/view.do?ncd=5170900&ref=A
2021.04.27.,美·유럽서 코로나19 백신 승인절차 바쁜 노바백스 CEO가 방한한 이유는,매일경제,http://news.mk.co.kr/newsRead.php?no=404040&year=2021
2021.04.28.,"백악관 ""코로나 백신 지식재산권 면제 고려... 다른 방법도 많아""",한국일보,https://hankookilbo.com/News/Read/A2021042815020005095?did=NA
2021.04.24.,"정부, 코로나19 ‘백신 추가도입’ 계약 관련 오후 5시 긴급 브리핑",KBS,http://news.kbs.co.kr/news/view.do?ncd=5170423&ref=A
2021.04.28.,"백악관 ""코로나 백신 지식재산권 면제 고려... 다른 방법도 많아""",한국일보,https://hankookilbo.com/News/Read/A2021042815020005095?did=NA
2021.04.24.,"정부, 코로나19 ‘백신 추가도입’ 계약 관련 오후 5시 긴급 브리핑",KBS,http://news.kbs.co.kr/news/view.do?ncd=5170423&ref=A
2021.04.25.,"코로나 백신 개발한 과학자, 말라리아 백신도 성공 임박",조선일보언론사 선정,https://www.chosun.com/economy/science/2021/04/25/VRPODFDOI5GKJDA7PPHWWYOMGA/?utm_source=naver&utm_medium=referral&utm_campaign=naver-news
2021.04.23.,"정부 ""코로나19 백신, 알려지지 않은 부작용도 포괄적 보상 검토""",한국일보언론사 선정,https://hankookilbo.com/News/Read/A2021042316330001139?did=NA
2021.04.25.,226만639명 코로나 백신 1차 접종 마쳐…인구比 4.3%,매일경제,http://news.mk.co.kr/newsRead.php?no=396274&year=2021
2021.04.21.,얀센 코로나19 백신 유럽 공급 재개... “접종 이익이 더 커”,서울신문언론사 선정,https://www.seoul.co.kr/news/newsView.php?id=20210421500020&wlog_tag3=naver
2021.04.27.,독일서 코로나19 백신 6회분 대신 식염수 주입한 간호사,중앙일보,https://news.joins.com/article/olink/23639834
2021.04.26.,권덕철 장관 “코로나19 백신 충분히 확보…러시아 백신 적극 검토 안해”,한겨레,http://www.hani.co.kr/arti/society/health/992566.html
2021.04.22.,“코로나 예방 된다”…‘개 백신’ 사람들에게 접종한 칠레 수의사,동아일보언론사 선정,https://www.donga.com/news/article/all/20210422/106536242/2
2021.04.21.,"얀센, 유럽에서 코로나19 백신 공급 재개...네덜란드·이탈리아 접종 결정",YTN언론사 선정,https://www.ytn.co.kr/_ln/0104_202104211403047047
2021.04.30.,"수성중동병원, 코로나19 안심백신 접종 기관 선정",한국일보,https://hankookilbo.com/News/Read/A2021043014270001303?did=NA
2021.04.25.,전세계 코로나 백신접종 10억회 돌파…AZ백신 156개국 투여,KBS,http://news.kbs.co.kr/news/view.do?ncd=5170578&ref=A
2021.04.26.,주말 영향 500명대 예상…'코로나19 백신' 대국민담화 발표,MBN언론사 선정,http://www.mbn.co.kr/pages/news/newsView.php?news_seq_no=4487103
2021.04.29.,"이인영 장관, 6월 중 방미 구상...코로나19 백신 1차 접종 마쳐",YTN,https://www.ytn.co.kr/_ln/0101_202104291856229499
2021.04.27.,"“SK바이오사이언스, 자체 개발 코로나 백신 주가에 미반영”",한국경제,https://www.hankyung.com/it/article/202104279498i
2021.04.25.,"""세계 코로나 백신접종 10억회 돌파…미·중·인도가 58%""",MBC,https://imnews.imbc.com/news/2021/world/article/6159347_34880.html
2021.04.23.,"'백신의 힘' 이스라엘, 10개월 만에 일일 코로나 사망자 '제로'",한국일보언론사 선정,https://hankookilbo.com/News/Read/A2021042320470005806?did=NA
2021.04.28.,"식약처, 국산 코로나19 백신 임상에 ‘비열등성시험’ 도입 검토",KBS,http://news.kbs.co.kr/news/view.do?ncd=5173221&ref=A
2021.04.28.,홍콩 “코로나 백신 맞아야 술집 출입 가능”,조선일보,https://www.chosun.com/international/china/2021/04/28/3BU2GGCUXJCSJLODCCQY5ZORUI/?utm_source=naver&utm_medium=referral&utm_campaign=naver-news
2021.04.25.,"코로나19 백신 생산 노바백스 CEO, SK바이오사이언스 공장 방문 예정",KBS,http://news.kbs.co.kr/news/view.do?ncd=5170696&ref=A
2021.05.03.,[사사건건 플러스]① 코로나19 확산 속 백신 수급 불안?…접종 일정 차질 없나,KBS,https://news.kbs.co.kr/news/view.do?ncd=5176922&ref=A
2021.04.30.,"코로나 유전자 지도 만든 두 과학자 “RNA 백신 생산, 지금부터 준비해야”",조선일보,https://www.chosun.com/economy/science/2021/04/30/2C63TVDLWZHR3PNCHZQYXGVOL4/?utm_source=naver&utm_medium=referral&utm_campaign=naver-news
2021.04.30.,한·미 정상회담 앞두고 문재인 대통령 코로나19 백신 2차 접종,한국경제,https://www.hankyung.com/politics/article/202104305094i
2021.04.22.,이란 “한국 동결 자금 중 335억원 코로나19 백신 구매 사용”,서울신문언론사 선정,https://www.seoul.co.kr/news/newsView.php?id=20210422500187&wlog_tag3=naver
2021.04.24.,‘팬데믹 예언자’ 빌 게이츠 “백신 있어 코로나19 끝난다”,KBS,http://news.kbs.co.kr/news/view.do?ncd=5170369&ref=A
2021.04.24.,"미 CDC 국장 ""임신부도 코로나 백신 맞도록 권고""",MBC,https://imnews.imbc.com/news/2021/world/article/6158654_34880.html
2021.04.28.,"""코로나 지옥, 인도를 구하라""…산소·백신 지원 본격화",MBC,https://imnews.imbc.com/replay/2021/nwdesk/article/6162804_34936.html
2021.04.24.,‘팬데믹 예언자’ 빌 게이츠 “백신 있어 코로나19 끝난다”,중앙일보,https://news.joins.com/article/olink/23637260
2021.04.28.,"미 백악관 ""코로나 백신 지식재산권 면제 고려...결정은 안돼""",YTN,https://www.ytn.co.kr/_ln/0104_202104280538087276
2021.04.18.,"홍남기 ""코로나 백신 상반기 1200만명 접종 목표""",한국경제언론사 선정,https://www.hankyung.com/society/article/2021041879817
2021.04.29.,"파우치 ""긴급승인 받은 코로나 백신, 곧 정식승인 받기를 기대""",YTN,https://www.ytn.co.kr/_ln/0104_202104290325339915
2021.05.03.,[코로나19 국제뉴스] IOC “도쿄 올림픽 참가 선수 40%는 백신 미접종”,KBS,https://news.kbs.co.kr/news/view.do?ncd=5176358&ref=A
2021.04.28.,백악관 “코로나 백신 ‘특허 유예’ 고려…결정은 안돼”,한겨레,http://www.hani.co.kr/arti/international/international_general/992936.html
2021.04.26.,"식약처 ""노바백스 코로나19 백신 허가 사전상담 중""",TV조선,http://news.tvchosun.com/site/data/html_dir/2021/04/26/2021042690060.html
2021.04.24.,화이자 코로나 백신 초저온 아닌 ‘2주간 일반 냉동고’ 보관 가능,KBS,http://news.kbs.co.kr/news/view.do?ncd=5170407&ref=A
2021.04.27.,"""EU 성인 4분의 1 코로나19 백신 최소 1회 접종""",YTN,https://www.ytn.co.kr/_ln/0104_202104271948445123
2021.04.24.,미 CDC 국장 “임신부도 코로나 백신 맞도록 권고”,KBS,http://news.kbs.co.kr/news/view.do?ncd=5170292&ref=A
2021.04.26.,"식약처, 노바백스 코로나19 백신 허가 사전상담 중",YTN,https://www.ytn.co.kr/_ln/0103_202104261140346862
2021.04.30.,"미 70대, 백신 2차 접종 후 코로나19로 사망",MBN,http://mbn.mk.co.kr/pages/news/newsView.php?category=mbn00008&news_seq_no=4491537
2021.04.28.,"미 백악관, “코로나 백신 지식재산권 면제 고려” 언급",KBS,http://news.kbs.co.kr/news/view.do?ncd=5173246&ref=A
2021.04.24.,"미 CDC 국장 ""임신부도 코로나 백신 맞도록 권고""",YTN,https://www.ytn.co.kr/_ln/0104_202104242155476979
2021.04.26.,"하루 35만명 확진 '코로나 지옥' 된 인도…美, AZ백신 지원",한국경제,https://www.hankyung.com/international/article/2021042680501
2021.04.26.,"하루 35만명 확진 '코로나 지옥' 된 인도…美, AZ백신 지원",한국경제,https://www.hankyung.com/international/article/2021042680501
2021.04.29.,중대본 “이르면 오늘까지 코로나19 백신 300만명 접종 완료 예정”,KBS,http://news.kbs.co.kr/news/view.do?ncd=5174020&ref=A
2021.04.22.,"식약처, 러시아 코로나 백신 이상반응 수집 요청",SBS,https://news.sbs.co.kr/news/endPage.do?news_id=N1006291991&plink=ORI&cooper=NAVER
2021.04.30.,[포토인사이트] 코로나 19 백신 2차 접종 하는 문재인 대통령 내외,서울신문,https://www.seoul.co.kr/news/newsView.php?id=20210430500091&wlog_tag3=naver
2021.04.27.,"중국 백신 ‘새치기 접종’했던 페루 전 대통령, 코로나 확진",조선일보,https://www.chosun.com/international/international_general/2021/04/27/LMWZ4VZJP5BBFNMAL46GNLAKKQ/?utm_source=naver&utm_medium=referral&utm_campaign=naver-news
2021.04.26.,"[사이언스 카페] 코로나 백신 개발 英과학자, 말라리아 백신도 곧 성공",조선일보,https://www.chosun.com/economy/science/2021/04/26/HFFXOSCJDBAGPOKHFY47PEEZ2E/?utm_source=naver&utm_medium=referral&utm_campaign=naver-news
2021.04.26.,"[사이언스 카페] 코로나 백신 개발 英과학자, 말라리아 백신도 곧 성공",조선일보,https://www.chosun.com/economy/science/2021/04/26/HFFXOSCJDBAGPOKHFY47PEEZ2E/?utm_source=naver&utm_medium=referral&utm_campaign=naver-news
2021.04.21.,"영국 코로나19백신 다음엔 치료약 개발한다…""가을부턴 복용""",MBC언론사 선정,https://imnews.imbc.com/news/2021/world/article/6155450_34880.html
2021.04.27.,"대구시, 코로나19 백신접종 가속화 추진",KBS,http://news.kbs.co.kr/news/view.do?ncd=5171966&ref=A
2021.04.28.,"백악관 ""코로나19 백신 지식재산권 포기 고려…결정된 건 없어""",TV조선,http://news.tvchosun.com/site/data/html_dir/2021/04/28/2021042890055.html
2021.04.21.,"김부겸 “코로나19 백신 수급 우려, 청문회서 정부 입장 밝힐 것”",서울신문언론사 선정,https://www.seoul.co.kr/news/newsView.php?id=20210421500033&wlog_tag3=naver
2021.04.22.,"엠큐렉스·삼양홀딩스, mRNA 코로나 백신 개발 협약 체결",한국경제,https://www.hankyung.com/it/article/202104223489i
2021.04.29.,영국에서 코로나19 백신 접종 이후 사망 973건 보고,YTN,https://www.ytn.co.kr/_ln/0104_202104291800303807
2021.04.28.,"""백신 기대감"" 4월 소비자심리지수 102.2…코로나 이전 수준 회복",매일경제,http://news.mk.co.kr/newsRead.php?no=406950&year=2021
2021.04.24.,"미 CDC 자문기구 “얀센 코로나 백신, 접종 재개하라” 권고",KBS,http://news.kbs.co.kr/news/view.do?ncd=5170304&ref=A
2021.05.03.,"美 백악관 비서실장·국가안보보좌관 ""코로나19 백신 지재권 면제 문제, 무역대표부 대표가 WTO와 협의""",YTN,https://www.ytn.co.kr/_ln/0104_202105031038466253
2021.04.24.,"미 CDC 자문기구 ""얀센 코로나 백신, 접종 재개하라"" 권고",YTN,https://www.ytn.co.kr/_ln/0104_202104240621461956
2021.04.24.,"코로나19 4차 유행 현실화...정부 ""백신 추가 확보""",YTN,https://www.ytn.co.kr/_ln/0103_202104242250069900
2021.04.27.,"코로나 백신, 글로벌 증시 '게임 체인저' 되다",한국경제,https://www.hankyung.com/finance/article/202104271267i
2021.04.24.,"백신 1차 접종 후 코로나 확진…""항체 형성되기 전 감염된 듯""",한국경제언론사 선정,https://www.hankyung.com/society/article/2021042418917
2021.04.24.,"[속보] 미국, 얀센 코로나19 백신접종 재개 권고",매일경제언론사 선정,http://news.mk.co.kr/newsRead.php?no=394917&year=2021
2021.04.16.,"[단독] 휴온스, 러시아 코로나 백신 '스푸트니크V' 생산한다",매일경제언론사 선정,http://news.mk.co.kr/newsRead.php?no=365445&year=2021
2021.04.28.,[세상돋보기]'격리 실험'·'백신 관광'…코로나19 시대의 여행,MBN,http://www.mbn.co.kr/pages/news/newsView.php?news_seq_no=4490055
2021.04.22.,‘개 코로나’ 백신을 75명에게 투여한 칠레 수의사,조선일보,https://www.chosun.com/international/mideast-africa-latin/2021/04/22/AQKZUGP6KRCUFF7OXZSV4SHP3E/?utm_source=naver&utm_medium=referral&utm_campaign=naver-news
2021.04.25.,전세계 코로나 백신 접종 10억 도즈…美·中·인도가 58% 차지,한국경제언론사 선정,https://www.hankyung.com/international/article/202104253252i
2021.04.22.,"식약처, 외교부에 러시아 코로나 백신 이상반응 수집 요청",MBC,https://imnews.imbc.com/news/2021/society/article/6156849_34873.html
2021.04.21.,유럽서 ‘OK’ 받은 얀센 코로나19 백신 공급 재개,KBS,http://news.kbs.co.kr/news/view.do?ncd=5167601&ref=A
2021.04.20.,"1차 AZ, 2차 화이자…영국 등 코로나 ‘백신 복합’ 접종 임상시험",한겨레언론사 선정,http://www.hani.co.kr/arti/international/international_general/991760.html
2021.04.30.,"라임 투자사 ""출국금지로 코로나19 백신 출장 막혔다""...법원""출국금지 2주 해제""",JTBC언론사 선정,https://news.jtbc.joins.com/article/article.aspx?news_id=NB12002536
2021.04.26.,"당·정, 오전 코로나19 백신점검 회의…집단면역 계획 점검",SBS,https://news.sbs.co.kr/news/endPage.do?news_id=N1006295902&plink=ORI&cooper=NAVER
2021.04.27.,코로나 백신 접종 느린 일본...다음 달 모더나 승인 전망,YTN,https://www.ytn.co.kr/_ln/0104_202104272143569548
2021.04.27.,"경제, 코로나 이전 회복했지만…백신 차질 땐 언제든 '소비절벽'",한국경제,https://www.hankyung.com/economy/article/2021042728231
2021.04.21.,“코로나 환자 엄청난 혈전 발생…백신 접종이 혈전증 막을 최선책”,한겨레언론사 선정,http://www.hani.co.kr/arti/international/america/992035.html
2021.04.15.,이재명 “코로나19 백신 독자 도입 검토하고 있다”,한겨레언론사 선정,http://www.hani.co.kr/arti/area/capital/991213.html
2021.04.29.,"도쿄올림픽 출전 태극 전사들, 코로나19 백신 접종 돌입… 선수는 화이자, 스텝은 아스트라제네카 접종",서울신문,https://www.seoul.co.kr/news/newsView.php?id=20210429500178&wlog_tag3=naver
2021.04.17.,"정부, '이물 발견'된 코로나19 백신 주사기 70만개 수거",한국일보언론사 선정,https://hankookilbo.com/News/Read/A2021041712060004295?did=NA
2021.04.22.,칠레에서 사람에게 '개 코로나' 백신 투여했다가 적발,SBS,https://news.sbs.co.kr/news/endPage.do?news_id=N1006291659&plink=ORI&cooper=NAVER
2021.04.28.,치열한 제약계 로비 속에서도 힘 받는 코로나 백신 지재권 면제 목소리,경향신문,http://news.khan.co.kr/kh_news/khan_art_view.html?artid=202104281642001&code=970100
2021.04.26.,"정부 ""코로나 백신, 신속하게 접종해야…선택권 부여 어려워""",MBN언론사 선정,http://mbn.mk.co.kr/pages/news/newsView.php?category=mbn00009&news_seq_no=4487489
2021.04.24.,"[속보] 정부, 화이자 코로나19 백신 2000만명분 추가계약 체결",매일경제언론사 선정,http://news.mk.co.kr/newsRead.php?no=395602&year=2021
2021.04.21.,코로나 백신인줄 알았는데 안티링클…화이자 가짜백신 첫 적발,MBC언론사 선정,https://imnews.imbc.com/news/2021/world/article/6156444_34880.html
2021.04.22.,"미 성인 3명 중 1명, 코로나 백신 접종 마쳐",SBS,https://news.sbs.co.kr/news/endPage.do?news_id=N1006291645&plink=ORI&cooper=NAVER
2021.04.26.,"강릉시, 코로나19 백신접종센터 이전 추진",KBS,http://news.kbs.co.kr/news/view.do?ncd=5171043&ref=A
2021.04.18.,"일본, 전 국민 접종 가능한 화이자 코로나 백신 확보한 듯",한국일보언론사 선정,https://hankookilbo.com/News/Read/A2021041816390002184?did=NA
2021.04.30.,[코로나19 Q&A] 노바백스·스푸트니크V 백신 사전검토,KBS,https://news.kbs.co.kr/news/view.do?ncd=5174891&ref=A
2021.04.29.,"日, 코로나 백신여권 발급대상 음성 진단자로 확대 추진",한국경제,https://www.hankyung.com/life/article/202104292473i
2021.04.22.,중국 상하이서 40대 한국 교민 사망…코로나 백신 연관 여부 조사중,KBS,http://news.kbs.co.kr/news/view.do?ncd=5168965&ref=A
2021.04.23.,상하이서 40대 한국교민 사망…사흘 전 코로나 백신 접종,KBS,http://news.kbs.co.kr/news/view.do?ncd=5169846&ref=A
2021.04.22.,바이든 “아직은 코로나 백신 외국 줄 만큼 충분치 않아”,한겨레언론사 선정,http://www.hani.co.kr/arti/international/international_general/992089.html
2021.04.27.,울산 경찰·소방 등 코로나19 백신 집단 접종 시작,KBS,http://news.kbs.co.kr/news/view.do?ncd=5171875&ref=A
2021.04.27.,울산 경찰·소방 등 코로나19 백신 집단 접종 시작,KBS,http://news.kbs.co.kr/news/view.do?ncd=5171875&ref=A
2021.04.15.,"""국내 제약사, 8월부터 코로나 백신 위탁 생산""",MBC언론사 선정,https://imnews.imbc.com/replay/2021/nw1700/article/6150464_34922.html
2021.04.15.,"이재명 ""경기도 독자적 코로나백신 도입 검토""",매일경제언론사 선정,http://news.mk.co.kr/newsRead.php?no=364320&year=2021
2021.04.25.,"""백신 있는 건 모르게?""…코로나 피해만 알리는 북한",MBC언론사 선정,https://imnews.imbc.com/replay/2021/nwdesk/article/6159854_34936.html
2021.04.26.,[특파원 24시] '백신 지정석' 만든 美 메이저리그… 코로나 전쟁 승전보 쓴다,한국일보언론사 선정,https://hankookilbo.com/News/Read/A2021042509120003410?did=NA
2021.04.26.,울산 경찰·소방 등 코로나19 백신 집단 접종 시작,KBS,http://news.kbs.co.kr/news/view.do?ncd=5171761&ref=A
2021.04.22.,코로나19 백신 공급난에 '가짜 백신' 사기 기승,YTN,https://www.ytn.co.kr/_ln/0104_202104220702208895
2021.04.25.,전 세계 코로나19 백신 접종 10억 회 넘어서,YTN,https://www.ytn.co.kr/_ln/0104_202104250526424908
2021.04.26.,성동구 노인돌봄시설서 코로나19 백신 1차 접종 마친 6명 확진,경향신문,http://news.khan.co.kr/kh_news/khan_art_view.html?artid=202104261325001&code=620101
2021.04.25.,"이란, 자체 개발 코로나19 백신 '코비란' 대량 생산 시작",YTN,https://www.ytn.co.kr/_ln/0104_202104252245255634
2021.04.23.,코로나 백신 1차 접종 203만명 넘어…이상반응 신고 279건,한국경제,https://www.hankyung.com/society/article/2021042384267
2021.04.19.,코로나19 신규확진 532명…오늘부터 항공승무원 등 백신 접종,MBN언론사 선정,http://mbn.mk.co.kr/pages/news/newsView.php?category=mbn00009&news_seq_no=4481143
2021.04.26.,"영국 의원들, 코로나19 백신 지적재산권 보호 로비 의혹 규명 촉구",MBC,https://imnews.imbc.com/news/2021/world/article/6160566_34880.html
2021.04.24.,"[속보] 정부 ""연말까지 코로나 백신 1억명 공급분 확보""",한국일보언론사 선정,https://hankookilbo.com/News/Read/A2021042416430000557?did=NA
2021.04.22.,"과기부 장관 ""국산 코로나 백신 올해 개발 가능성 커""",YTN,https://www.ytn.co.kr/_ln/0102_202104221655183810
2021.04.22.,코로나19 백신 1차 접종 200만명 넘었다…시작 55일 만에,중앙일보,https://news.joins.com/article/olink/23636252
2021.04.20.,"약사회 ""약국 종업원도 코로나19 백신 우선 접종해야""",MBC,https://imnews.imbc.com/news/2021/society/article/6155016_34873.html
2021.04.25.,전 세계 코로나 백신 접종 10억 회 돌파,MBC,https://imnews.imbc.com/replay/2021/nwdesk/article/6159856_34936.html
2021.04.25.,전 세계 코로나 백신 접종 10억 회 돌파,MBC,https://imnews.imbc.com/replay/2021/nwdesk/article/6159856_34936.html
2021.04.22.,코로나19 백신 1차 접종자 누적 200만명 넘어…접종 시작 55일 만,MBC,https://imnews.imbc.com/news/2021/society/article/6157460_34873.html
2021.04.22.,"최기영 과기부 장관 ""코로나 백신 올해 개발될 가능성 크다""",MBC,https://imnews.imbc.com/news/2021/politics/article/6157247_34866.html
2021.04.24.,"美 CDC 국장 ""임신부도 코로나19 백신 맞도록 권고""",TV조선,http://news.tvchosun.com/site/data/html_dir/2021/04/24/2021042490006.html
2021.04.15.,"이재명 “경기도, 독자적 코로나 백신 도입·접종 검토”",동아일보언론사 선정,https://www.donga.com/news/article/all/20210415/106428021/2
2021.04.25.,"강릉시, 코로나19 백신접종센터 이전 추진",KBS,http://news.kbs.co.kr/news/view.do?ncd=5170720&ref=A
2021.04.21.,"반도체 쥔 한국, 백신 쥔 미국… “코로나 한미동맹 시급하다”",조선일보언론사 선정,https://www.chosun.com/economy/tech_it/2021/04/21/JTVMKIICPBHAPMHJLZEIKBS6E4/?utm_source=naver&utm_medium=referral&utm_campaign=naver-news
2021.04.20.,"정의용 ""한미 코로나 백신 스와프 진지하게 협의 중""",SBS,https://news.sbs.co.kr/news/endPage.do?news_id=N1006289566&plink=ORI&cooper=NAVER
2021.04.22.,"이란 ""한국 동결 자금 중 335억 원 코로나19 백신 구매 사용""",SBS,https://news.sbs.co.kr/news/endPage.do?news_id=N1006292863&plink=ORI&cooper=NAVER
2021.04.22.,"질병청 ""코로나19 백신 접종 피해보상금 차질 없이 지급""",SBS,https://news.sbs.co.kr/news/endPage.do?news_id=N1006292885&plink=ORI&cooper=NAVER
2021.04.23.,[이슈톡] '개 코로나' 백신…사람에 투여한 수의사,MBC,https://imnews.imbc.com/replay/2021/nwtoday/article/6157963_34943.html
2021.04.24.,"미 CDC 국장 ""임신부도 코로나 백신 맞도록 권고""",YTN,https://www.ytn.co.kr/_ln/0104_202104240522503765
2021.04.19.,"정부 ""코로나19 억제, 수도권·경남권 관건…코백스 백신 계획대로"" [종합]",한국경제언론사 선정,https://www.hankyung.com/society/article/2021041906827
2021.04.18.,“미국 성인 절반은 1회 이상 코로나 백신 접종 마쳤다”,채널A언론사 선정,http://www.ichannela.com/news/main/news_detailPage.do?publishId=000000246518
2021.04.23.,"한국코러스 ""러 코로나19 백신 국내 도입 대비중""",매일경제,http://news.mk.co.kr/newsRead.php?no=393765&year=2021
2021.04.20.,"NH투증, “모더나 코로나19백신 한국기업 위탁생산 가능성”",KBS,http://news.kbs.co.kr/news/view.do?ncd=5166901&ref=A
2021.04.20.,미국서 코로나 백신을?…‘백신관광’ 어떻게 생각하십니까[이슈픽],서울신문언론사 선정,https://www.seoul.co.kr/news/newsView.php?id=20210420500226&wlog_tag3=naver
2021.04.20.,"유럽의약품청, 오늘 얀센 코로나19 백신 평가 발표 예정",KBS,http://news.kbs.co.kr/news/view.do?ncd=5166460&ref=A
2021.04.19.,"韓, 코로나19 백신 접종률 OECD 37개국 중 35위",동아일보언론사 선정,https://www.donga.com/news/article/all/20210419/106485614/2
2021.04.14.,블록체인 적용 코로나19 백신접종 전자증명서 내일부터 발급,JTBC언론사 선정,https://news.jtbc.joins.com/article/article.aspx?news_id=NB12000282
2021.04.26.,'코로나 지옥' 인도를 도와라...미국 백신 접종자 줄어,YTN,https://www.ytn.co.kr/_ln/0104_202104260848377479
2021.04.12.,"식약처, ‘모더나’ 코로나19 백신 허가 심사 착수",KBS언론사 선정,http://news.kbs.co.kr/news/view.do?ncd=5160455&ref=A
2021.04.23.,코로나19 백신 1차 접종자 203만 명 넘어…신규 이상반응 신고 279건,KBS,http://news.kbs.co.kr/news/view.do?ncd=5169750&ref=A
2021.04.22.,"과기부장관 ""코로나19 국산 백신, 연내 개발 가능성 커""",한국경제,https://www.hankyung.com/society/article/2021042258207
2021.04.22.,"삼양홀딩스, 엠큐렉스와 mRNA 코로나19 백신 개발 협력",매일경제,http://news.mk.co.kr/newsRead.php?no=388041&year=2021
2021.04.24.,광주서 코로나 백신 1차 접종자 잇따라 확진,한국일보,https://hankookilbo.com/News/Read/A2021042420050003597?did=NA
2021.04.20.,한국은 미국에서 코로나19 백신을 빌릴 수 있을까?,한겨레,http://www.hani.co.kr/arti/politics/diplomacy/991853.html
2021.04.22.,이란 “한국 동결자금 중 335억원 코로나19 백신 구매 사용”,KBS,http://news.kbs.co.kr/news/view.do?ncd=5168962&ref=A
2021.04.22.,"美 ‘코로나 백신, 국내 공급 우선’…2억회 접종 초과",KBS,http://news.kbs.co.kr/news/view.do?ncd=5168614&ref=A
2021.04.22.,"美 ‘코로나 백신, 국내 공급 우선’…2억회 접종 초과",KBS,http://news.kbs.co.kr/news/view.do?ncd=5168614&ref=A
2021.04.18.,"김웅 ""4400만명 백신 어디갔나""…코로나 백신 공세 나선 국민의힘",한국경제언론사 선정,https://www.hankyung.com/politics/article/202104188489i
2021.04.22.,"美 ‘코로나 백신, 국내 공급 우선’…2억 회 접종 초과",KBS,http://news.kbs.co.kr/news/view.do?ncd=5168553&ref=A
2021.04.21.,"이스라엘, 올 가을 온국민에 코로나19 백신 추가 접종",한겨레,http://www.hani.co.kr/arti/international/international_general/991930.html
2021.04.26.,코로나19 러시아 백신 도입…국민 51.5% '필요하다'고 답해,MBC,https://imnews.imbc.com/news/2021/politics/article/6160315_34866.html
2021.04.22.,"코로나 백신 부족할 거라고?  방역당국 ""도움 안 되고 소모적"" 비판",한국일보언론사 선정,https://hankookilbo.com/News/Read/A2021042211390003306?did=NA
2021.04.24.,광주에서 코로나19 백신 접종 뒤 잇따라 확진…“항체 생기기 전 감염”,KBS,http://news.kbs.co.kr/news/view.do?ncd=5170437&ref=A
2021.04.23.,"'백신 리스크'에, 코로나19 대응 ""잘못한다""…부정 평가 앞선건 1년2개월만",JTBC언론사 선정,https://news.jtbc.joins.com/article/article.aspx?news_id=NB12001576
2021.04.23.,"'백신 리스크'에, 코로나19 대응 ""잘못한다""…부정 평가 앞선건 1년2개월만",JTBC언론사 선정,https://news.jtbc.joins.com/article/article.aspx?news_id=NB12001576
2021.04.28.,"주한미군, 접종 잠정 중단했던 얀센 코로나 백신 사용 재개",중앙일보,https://news.joins.com/article/olink/23641017
2021.04.26.,[최유식의 온차이나] 베이징의 코로나 백신 접종 속도전,조선일보,https://www.chosun.com/international/china/2021/04/26/W26OTHPU2NEUPDXX6QZV3PPPGY/?utm_source=naver&utm_medium=referral&utm_campaign=naver-news
2021.04.21.,코로나19 신규확진 731명…백신 1차 접종 177만여명,TV조선언론사 선정,http://news.tvchosun.com/site/data/html_dir/2021/04/21/2021042190060.html
2021.04.23.,백신효과에 코로나19 치명률 ‘작년 12월 2.7%→올해 3월 0.5%’,서울신문,https://www.seoul.co.kr/news/newsView.php?id=20210423500081&wlog_tag3=naver
2021.04.23.,백신도 소용없는 ‘코로나 지옥’… 삼중변이까지 등장 [이슈픽],서울신문언론사 선정,https://www.seoul.co.kr/news/newsView.php?id=20210423500051&wlog_tag3=naver
2021.04.22.,코로나 백신인줄 알았는데 안티링클…화이자 가짜백신 첫 적발,KBS,http://news.kbs.co.kr/news/view.do?ncd=5168398&ref=A
2021.04.22.,"미국 ‘코로나 백신, 국내 공급 우선’…2억 회 접종 초과",KBS,http://news.kbs.co.kr/news/view.do?ncd=5169038&ref=A
2021.04.25.,코로나19 확산세 속 백신 수급 논란 이어져,YTN,https://www.ytn.co.kr/_ln/0103_202104252259407123
2021.04.30.,"미국서 퍼지는 코로나 거짓정보…""백신 맞으면 생식력 약화?""",MBN,http://mbn.mk.co.kr/pages/news/newsView.php?category=mbn00008&news_seq_no=4491430
2021.04.21.,"중국, 코로나19 백신 접종 2억도스 돌파",KBS,http://news.kbs.co.kr/news/view.do?ncd=5168339&ref=A
2021.04.27.,코로나19 신규확진 512명…백신 1차 접종 240만명,TV조선,http://news.tvchosun.com/site/data/html_dir/2021/04/27/2021042790034.html
2021.04.26.,"사고 쉬쉬한 코로나 백신 생산업체 CEO, 주식 팔아 84억 차익 논란",경향신문,http://news.khan.co.kr/kh_news/khan_art_view.html?artid=202104261633001&code=970201
2021.04.24.,주말에도 백신 접종 계속...코로나19 자가검사키트 첫 국내 허가,YTN,https://www.ytn.co.kr/_ln/0103_202104241200517572
2021.04.28.,"로지포커스, 주한 미군 기지에 코로나 바이러스 백신 운송",경향신문,http://news.khan.co.kr/kh_news/khan_art_view.html?artid=202104280755018&code=920501
2021.04.21.,"얀센, 유럽에서 코로나19 백신 공급 재개",YTN,https://www.ytn.co.kr/_ln/0104_202104210935327671
2021.04.20.,약사회 “코로나19 백신 우선 접종대상에 ‘약국 종업원’ 빠져 유감”,KBS,http://news.kbs.co.kr/news/view.do?ncd=5166715&ref=A
2021.04.24.,주말에도 백신 접종 계속...코로나19 자가검사키트 첫 국내 허가,YTN,https://www.ytn.co.kr/_ln/0103_202104241003330227
2021.04.20.,"문 대통령 ""아시아부터 코로나 공동대응…공평한 백신공급 협력""",MBC,https://imnews.imbc.com/news/2021/politics/article/6155026_34866.html
2021.04.22.,코로나19 백신 1차 접종 누적 200만명 돌파…이달 말까지 300만명 목표,한국경제,https://www.hankyung.com/life/article/2021042267577
2021.04.19.,"미국 성인 절반, 코로나 백신 최소 1차례 맞아",MBC,https://imnews.imbc.com/news/2021/world/article/6153604_34880.html
2021.04.21.,코로나19 백신 대신 식염수 주사…美 약국 황당 실수,TV조선언론사 선정,http://news.tvchosun.com/site/data/html_dir/2021/04/21/2021042190107.html
2021.04.21.,"바이오 의약품 생산 1위 삼바, 코로나 백신 CMO 가능할까",매일경제언론사 선정,http://news.mk.co.kr/newsRead.php?no=385643&year=2021
2021.04.28.,"英 연구진 ""백신 한 번만 맞아도 코로나 전파 위험 최대 절반 줄어""",한국일보,https://hankookilbo.com/News/Read/A2021042810120003420?did=NA
2021.04.15.,"이재명 ""경기도, 코로나 백신 독자적 도입 검토 중""",한국일보언론사 선정,https://hankookilbo.com/News/Read/A2021041516360003272?did=NA
2021.04.22.,코로나19 백신 누적 접종자 2백만 명 넘어…접종 개시 56일 만,KBS,http://news.kbs.co.kr/news/view.do?ncd=5169067&ref=A
2021.04.20.,문 대통령 “아시아부터 코로나 공동대응…공평한 백신공급 협력”,KBS,http://news.kbs.co.kr/news/view.do?ncd=5166852&ref=A
2021.04.22.,“백신 맞으면 0.5%만 감염”…‘코로나 예방 효과’ 연구결과 나와,한겨레언론사 선정,http://www.hani.co.kr/arti/international/international_general/992112.html
2021.04.19.,"미국 성인 절반, 코로나 백신 최소 1차례 접종",SBS,https://news.sbs.co.kr/news/endPage.do?news_id=N1006287276&plink=ORI&cooper=NAVER
2021.04.24.,코로나 백신 이상반응 321건 추가…백신과의 연관성 미확인,중앙일보,https://news.joins.com/article/olink/23637253
2021.04.12.,"[속보] ""국내 기업 5곳 코로나19 백신 임상진입""",한국경제언론사 선정,https://www.hankyung.com/society/article/2021041247077
2021.04.16.,"이재명 ""코로나 백신 별도 도입""에 중대본 '퇴짜'",한국일보언론사 선정,https://hankookilbo.com/News/Read/A2021041611200004309?did=NA
2021.04.26.,"[뉴스앤이슈] 정부, 코로나 백신 접종 '속도전'...은성수 암호화폐 발언 '후폭풍'",YTN,https://www.ytn.co.kr/_ln/0101_202104261253039406
2021.04.22.,"식약처, 외교부에 러시아 코로나 백신 이상반응 수집 요청",YTN,https://www.ytn.co.kr/_ln/0103_202104221026180872
2021.04.23.,코로나19 백신 1차 접종자 누적 200만 명 넘어서,YTN,https://www.ytn.co.kr/_ln/0103_202104230110396344
2021.04.20.,"러시아 ""'스푸트니크 V' 코로나19 백신 효과 97.6%""",중앙일보,https://news.joins.com/article/olink/23633411
2021.04.22.,코로나 백신으로 둔갑한 ‘안티링클’…화이자 가짜백신 첫 적발,매일경제,http://news.mk.co.kr/newsRead.php?no=386517&year=2021
2021.04.21.,27일 코로나19 백신 피해보상심의위원회 첫 개최,TV조선,http://news.tvchosun.com/site/data/html_dir/2021/04/21/2021042190081.html
2021.04.17.,코로나19 신규 확진 658명...백신 이상 반응 106건,YTN언론사 선정,https://www.ytn.co.kr/_ln/0103_202104171000460816
2021.04.12.,"'하반기 3상 착수 목표' 국내 기업 5곳, 코로나19 백신 임상 진입",SBS언론사 선정,https://news.sbs.co.kr/news/endPage.do?news_id=N1006277262&plink=ORI&cooper=NAVER
2021.04.17.,코로나19 신규 확진 658명...백신 이상 반응 106건,YTN언론사 선정,https://www.ytn.co.kr/_ln/0103_202104171154189231
2021.04.12.,노바백스 코로나19 백신 일러야 6월 공급,한국일보언론사 선정,https://hankookilbo.com/News/Read/A2021041216590000956?did=NA
2021.04.17.,코로나19 신규 확진 658명…백신 접종 누적 148만 2천 969명,MBC언론사 선정,https://imnews.imbc.com/news/2021/society/article/6152100_34873.html
2021.04.19.,임혜숙 과기정통부 장관 내정자 “국산 코로나19 백신 1호 개발에 집중”,KBS,http://news.kbs.co.kr/news/view.do?ncd=5165786&ref=A
2021.04.30.,"[서울포토] ‘살살 놔주세요’ 문 대통령, 코로나 백신 2차 접종",서울신문,https://www.seoul.co.kr/news/newsView.php?id=20210430500031&wlog_tag3=naver
2021.04.16.,"휴온스, 러시아 코로나 백신 국내서 8월부터 생산",조선일보,https://www.chosun.com/economy/science/2021/04/16/KCM5ZGMZURHUFOZPNPGLRRAAHE/?utm_source=naver&utm_medium=referral&utm_campaign=naver-news
2021.04.20.,"러시아 개발 코로나19 백신, 다음달부터 국내 생산 시작",MBC,https://imnews.imbc.com/news/2021/society/article/6155049_34873.html
2021.04.26.,"방심하면 다시 유행, 백신 접종 이후에도 코로나 확산하는 국가들",JTBC,https://news.jtbc.joins.com/article/article.aspx?news_id=NB12001794
2021.04.19.,"미국 18세 이상 성인 절반, 코로나19 백신 최소 1차례 맞아",KBS,http://news.kbs.co.kr/news/view.do?ncd=5165374&ref=A
2021.04.23.,[코로나19-중앙방역대책본부] “백신 1차 접종 200만명 넘어” - 4월 23일 오후 2시 브리핑,KBS,http://news.kbs.co.kr/news/view.do?ncd=5169898&ref=A
2021.04.22.,"중국, 코로나19 백신 접종 2억 도스 돌파",SBS,https://news.sbs.co.kr/news/endPage.do?news_id=N1006291593&plink=ORI&cooper=NAVER
2021.04.20.,코로나19 신규 확진 549명…백신 접종 누적 163만 9천여명,MBC언론사 선정,https://imnews.imbc.com/news/2021/society/article/6154855_34873.html
2021.04.22.,백신 맞아도 코로나 감염되는 ‘돌파감염’…미국서 5천800건,KBS,http://news.kbs.co.kr/news/view.do?ncd=5168806&ref=A
2021.04.13.,"미국, 뇌정맥 혈전 발생 1명 사망한 얀센 코로나 백신 중단",서울신문언론사 선정,https://www.seoul.co.kr/news/newsView.php?id=20210413500196&wlog_tag3=naver
2021.04.13.,"미국, 뇌정맥 혈전 발생 1명 사망한 얀센 코로나 백신 중단",서울신문언론사 선정,https://www.seoul.co.kr/news/newsView.php?id=20210413500196&wlog_tag3=naver
2021.04.20.,“AZ 백신 맞고 사지마비…차라리 코로나 걸릴 걸 그랬다”[이슈픽],서울신문언론사 선정,https://www.seoul.co.kr/news/newsView.php?id=20210420500183&wlog_tag3=naver
2021.04.24.,"[속보] 미국, 얀센 코로나19 백신접종 재개 권고",MBN언론사 선정,http://mbn.mk.co.kr/pages/news/newsView.php?category=mbn00008&news_seq_no=4486136
2021.04.07.,"식약처, '한 번 맞는' 얀센 코로나19 백신 품목 허가",SBS언론사 선정,https://news.sbs.co.kr/news/endPage.do?news_id=N1006271676&plink=ORI&cooper=NAVER
2021.04.22.,코로나19 백신 1차 접종자 190만 명 넘어…이상반응 신고 신규 199건,KBS,http://news.kbs.co.kr/news/view.do?ncd=5168647&ref=A
2021.04.07.,"식약처, 얀센 코로나19 백신 품목 허가",KBS언론사 선정,http://news.kbs.co.kr/news/view.do?ncd=5157220&ref=A
2021.04.20.,"모더나, 한국 자회사 설립 추진…""코로나 백신 역량 강화""",MBN언론사 선정,http://mbn.mk.co.kr/pages/news/newsView.php?category=mbn00009&news_seq_no=4482465
2021.04.12.,"""국내 기업 5곳 코로나19 백신 임상진입…하반기 3상 착수 목표""",매일경제언론사 선정,http://news.mk.co.kr/newsRead.php?no=350473&year=2021
2021.04.20.,"모더나, 한국 자회사 설립 추진…""코로나 백신 역량 강화""",MBN언론사 선정,http://mbn.mk.co.kr/pages/news/newsView.php?category=mbn00009&news_seq_no=4482465
2021.04.12.,"""국내 기업 5곳 코로나19 백신 임상진입…하반기 3상 착수 목표""",매일경제언론사 선정,http://news.mk.co.kr/newsRead.php?no=350473&year=2021
2021.04.20.,"다음 달부터 국내에서 러시아 코로나19 백신 생산…""전량 수출용""",MBC,https://imnews.imbc.com/news/2021/world/article/6155059_34880.html
2021.04.20.,"다음 달부터 국내에서 러시아 코로나19 백신 생산…""전량 수출용""",MBC,https://imnews.imbc.com/news/2021/world/article/6155059_34880.html
2021.04.17.,코로나19 신규 확진 사흘째 600명대...백신 이상 반응 106건,YTN언론사 선정,https://www.ytn.co.kr/_ln/0103_202104171352271850
2021.04.17.,코로나19 신규 확진 사흘째 600명대...백신 이상 반응 106건,YTN언론사 선정,https://www.ytn.co.kr/_ln/0103_202104171352271850
2021.04.23.,"美 대선서 트럼프 승리 지역, 코로나19 백신 접종률은 떨어져",SBS,https://news.sbs.co.kr/news/endPage.do?news_id=N1006293287&plink=ORI&cooper=NAVER
2021.04.28.,[코로나19 Q&A] AZ 백신 주의사항에 ‘특이 혈전증’ 추가,KBS,http://news.kbs.co.kr/news/view.do?ncd=5172841&ref=A
2021.04.19.,"임혜숙 과기부 장관 후보자 ""코로나19 '국산 백신 1호' 빠르게 개발하겠다""",매일경제,http://news.mk.co.kr/newsRead.php?no=374207&year=2021
2021.04.26.,국내에서도 백신 개발 진행 중… 모든 코로나 환자에 적용할 치료제도 임상 시험,조선일보,https://www.chosun.com/special/special_section/2021/04/26/66S37NP3WZERLK3ATW3TMK4TQQ/?utm_source=naver&utm_medium=referral&utm_campaign=naver-news
2021.04.26.,"미국인 500만명, 코로나19 백신 2회차 접종 안했다",MBN,http://mbn.mk.co.kr/pages/news/newsView.php?category=mbn00008&news_seq_no=4487238
2021.04.27.,"코로나 치명률 더 높은데 접종하긴 힘들어…미 흑인·라틴계 백신 접종률, 백인의 절반",경향신문,http://news.khan.co.kr/kh_news/khan_art_view.html?artid=202104271529001&code=970201
2021.04.25.,日 코로나 백신 '하루 1만명 접종장' 추진,매일경제,http://news.mk.co.kr/newsRead.php?no=396423&year=2021
2021.04.25.,日 코로나 백신 '하루 1만명 접종장' 추진,매일경제,http://news.mk.co.kr/newsRead.php?no=396423&year=2021
2021.04.24.,코로나19 백신의 명암...부익부 빈익빈 더 가중,YTN,https://www.ytn.co.kr/_ln/0104_202104240005226592
2021.04.21.,"文 대통령, 러시아 코로나 백신 '스푸트니크 V' 도입 가능성 검토 지시",한국일보언론사 선정,https://hankookilbo.com/News/Read/A2021042122200003188?did=NA
2021.04.19.,백신보급에도 세계 코로나 확진자는 급증…왜?,한국경제언론사 선정,https://www.hankyung.com/international/article/202104190367i
2021.04.26.,[서울포토]오늘부터 사회필수인력 코로나19 백신 접종 시작,서울신문,https://www.seoul.co.kr/news/newsView.php?id=20210426500061&wlog_tag3=naver
2021.04.20.,"유럽의약품청, 오늘 얀센 코로나19 백신 평가 발표 예정",SBS,https://news.sbs.co.kr/news/endPage.do?news_id=N1006288688&plink=ORI&cooper=NAVER
2021.04.29.,"MBN 뉴스파이터-코로나19 신규 확진 680명…'노쇼' 백신 물량 ""누구나""",MBN,http://www.mbn.co.kr/pages/news/newsView.php?news_seq_no=4491065
2021.04.21.,"영국 코로나19 백신 다음엔 치료약 개발한다…""가을부턴 복용""",SBS,https://news.sbs.co.kr/news/endPage.do?news_id=N1006289950&plink=ORI&cooper=NAVER
2021.04.22.,"美, 성인 3명 중 1명 코로나19 백신 접종 완료",YTN,https://www.ytn.co.kr/_ln/0104_202104220848171978
2021.04.22.,"美, 성인 3명 중 1명 코로나19 백신 접종 완료",YTN,https://www.ytn.co.kr/_ln/0104_202104220848171978
2021.04.24.,코로나 백신 1차 접종자 15만8천명 추가…누적 219만여명,MBC,https://imnews.imbc.com/news/2021/society/article/6158747_34873.html
2021.04.21.,"美 증시, 코로나 재확산 우려에 하락…화이자 백신 추가 도착 [모닝브리핑]",한국경제언론사 선정,https://www.hankyung.com/economy/article/2021042176407
2021.04.22.,"프랑스, '코백스'에 코로나19 백신 기부 결정…백신 기부 첫번째 국가",MBC,https://imnews.imbc.com/news/2021/world/article/6157402_34880.html
2021.04.16.,코로나 신규 확진 673명…백신 1차 접종 137만 9천 653명,MBC언론사 선정,https://imnews.imbc.com/news/2021/society/article/6151057_34873.html
2021.04.23.,코로나19 백신 1차 접종자 누적 200만 명 넘어...접종 시작 55일만,YTN,https://www.ytn.co.kr/_ln/0103_202104230009192124
2021.04.16.,"휴온스글로벌 '上'…""러시아 코로나 백신 생산 계약""",한국경제,https://www.hankyung.com/finance/article/2021041698156
2021.05.06.,"""화이자 코로나19 백신, 실제 접종서 95% 이상 예방 효과""",SBS언론사 선정,https://news.sbs.co.kr/news/endPage.do?news_id=N1006308813&plink=ORI&cooper=NAVER
2021.05.06.,미 “코로나 백신 특허권 일시유예 지지…합의까진 시간 걸려”,한겨레언론사 선정,http://www.hani.co.kr/arti/international/international_general/994046.html
2021.05.06.,"정의용, G7에 공평한 코로나 백신 접근 위한 국제공조 촉구",서울신문언론사 선정,https://www.seoul.co.kr/news/newsView.php?id=20210506500015&wlog_tag3=naver
2021.05.06.,[속보] 화이자 “도쿄올림픽 선수단에 코로나 백신 공급”,중앙일보언론사 선정,https://news.joins.com/article/olink/23646439
2021.05.06.,"러시아, 1회 접종 코로나19 백신 '스푸트니크 라이트' 승인",MBC언론사 선정,https://imnews.imbc.com/news/2021/world/article/6170774_34880.html
2021.05.06.,"""화이자 코로나19 백신, 실제 접종서 95% 이상 예방 효과""",SBS언론사 선정,https://news.sbs.co.kr/news/endPage.do?news_id=N1006308813&plink=ORI&cooper=NAVER
2021.05.06.,"美무역대표부 ""코로나 백신 지재권 면제 지지…시간 걸릴 것""",중앙일보,https://news.joins.com/article/olink/23645701
2021.05.06.,"美무역대표부 ""코로나 백신 지재권 면제 지지…시간 걸릴 것""",중앙일보,https://news.joins.com/article/olink/23645701
2021.05.06.,"NHN·네이버, 코로나19 백신접종 휴가 도입하기로",TV조선,http://news.tvchosun.com/site/data/html_dir/2021/05/06/2021050690099.html
2021.05.06.,"미 무역대표부 ""코로나19 백신 지식재산권 면제 지지""",YTN,https://www.ytn.co.kr/_ln/0104_202105060441562560
2021.05.05.,"WHO “북한, 코로나19 백신 도입 위한 사전준비 진행”",KBS,https://news.kbs.co.kr/news/view.do?ncd=5178739&ref=A
2021.05.05.,"WHO “북한, 코로나19 백신 도입 위한 사전준비 진행”",KBS,https://news.kbs.co.kr/news/view.do?ncd=5178739&ref=A
2021.05.05.,"WHO “북한, 코로나 백신 공급위한 사전 준비 중”",경향신문,http://news.khan.co.kr/kh_news/khan_art_view.html?artid=202105051440011&code=910303
2021.05.05.,"WHO 평양사무소장 ""북한, 코로나 백신 도입 위한 사전 준비 진행""",MBC,https://imnews.imbc.com/news/2021/world/article/6169449_34880.html
2021.05.01.,"WHO, 모더나 코로나19 백신 긴급 승인…""예방 효과 94.1%""",한국경제언론사 선정,https://www.hankyung.com/international/article/2021050184337
2021.05.03.,"미국, WTO와 코로나 백신 지적재산권 한시적 면제 논의",MBC,https://imnews.imbc.com/news/2021/world/article/6167101_34880.html
2021.05.01.,"WHO ""모더나 코로나19 백신 긴급승인""…코백스 배분 가능해져",MBC,https://imnews.imbc.com/news/2021/society/article/6165366_34873.html
2021.05.03.,버니 샌더스 “코로나19 백신 지적재산권 포기해야”,KBS,https://news.kbs.co.kr/news/view.do?ncd=5176333&ref=A
2021.04.28.,코로나19 백신 접종 후 이상반응 사례 4건에 첫 피해보상,경향신문언론사 선정,http://news.khan.co.kr/kh_news/khan_art_view.html?artid=202104282048005&code=940100
2021.05.03.,“코로나19 토착화…독감처럼 매년 백신 맞아야”,KBS,https://news.kbs.co.kr/news/view.do?ncd=5177345&ref=A
2021.04.27.,‘독감+코로나’ 예방…노바백스 CEO가 말한 ‘콤보 백신’ 무엇?,한겨레언론사 선정,http://www.hani.co.kr/arti/society/health/992877.html
2021.05.03.,"[사이언스 브런치] 코로나 백신 한 번만 맞아도 감염률은 뚝, 변이 바이러스엔 취약",서울신문언론사 선정,https://www.seoul.co.kr/news/newsView.php?id=20210503500129&wlog_tag3=naver
2021.04.28.,[팩트체크K] “백신 접종 효과 100%”…맞으면 코로나19 안 걸린다는 의미?,KBS언론사 선정,http://news.kbs.co.kr/news/view.do?ncd=5172936&ref=A
2021.05.01.,코로나 백신 이상반응 신고 697건 늘었다…사망 2건 추가,한국일보,https://hankookilbo.com/News/Read/A2021050109560001824?did=NA
2021.04.30.,[속보]신규 확진자 이틀째 600명대…인구 대비 코로나19 백신 접종률 6%,경향신문언론사 선정,http://news.khan.co.kr/kh_news/khan_art_view.html?artid=202104300939001&code=940100
2021.05.04.,[외안구단] 북한한테 코로나19 백신은 '신 포도'?,JTBC,https://news.jtbc.joins.com/article/article.aspx?news_id=NB12002980
2021.05.04.,[외안구단] 북한한테 코로나19 백신은 '신 포도'?,JTBC,https://news.jtbc.joins.com/article/article.aspx?news_id=NB12002980
2021.04.30.,"인천서 코로나 백신 맞은 90대, 당일 심정지 증상",한국경제,https://www.hankyung.com/society/article/2021043045637
2021.05.02.,"인도 코로나 확진 조금 줄어 39만 명…""모든 성인에게 백신을""",SBS,https://news.sbs.co.kr/news/endPage.do?news_id=N1006304048&plink=ORI&cooper=NAVER
2021.05.03.,"러시아, 코로나19 백신 접종자도 귀국후 PCR 검사 2회 의무화",MBC,https://imnews.imbc.com/news/2021/world/article/6167721_34880.html
2021.04.28.,코로나19 백신 이상반응 4건 첫 피해보상 결정,SBS,https://news.sbs.co.kr/news/endPage.do?news_id=N1006299654&plink=ORI&cooper=NAVER
2021.05.03.,"원주시, 5월 코로나19 백신 예방접종 사전예약 시행",KBS,https://news.kbs.co.kr/news/view.do?ncd=5176837&ref=A
2021.04.29.,김연경도 백신 접종…'축제' 대신 '코로나 올림픽' 되나,TV조선,http://news.tvchosun.com/site/data/html_dir/2021/04/29/2021042990167.html
2021.04.28.,"[World Now] ""산소·백신 달라"" '코로나 지옥'의 아우성…""산소 특급기차 투입""",MBC언론사 선정,https://imnews.imbc.com/news/2021/world/article/6162279_34880.html
2021.04.28.,"[World Now] ""산소·백신 달라"" '코로나 지옥'의 아우성…""산소 특급기차 투입""",MBC언론사 선정,https://imnews.imbc.com/news/2021/world/article/6162279_34880.html
2021.04.29.,도쿄올림픽·패럴림픽 선수단 코로나19 백신 접종,중앙일보,https://news.joins.com/article/olink/23641804
2021.05.03.,"[속보] 중앙임상위 ""11월 코로나 집단면역 어려워…백신 매년 맞아야""",한국경제,https://www.hankyung.com/society/article/2021050330647
2021.05.03.,"[속보] 중앙임상위 ""11월 코로나 집단면역 어려워…백신 매년 맞아야""",한국경제,https://www.hankyung.com/society/article/2021050330647
2021.04.29.,"식약처, 노바백스·스푸트니크V 코로나 백신 사전검토 착수",MBC,https://imnews.imbc.com/news/2021/society/article/6163782_34873.html
2021.05.03.,"러시아 코로나19 백신 '코비박', WHO 사용 승인 신청…'휴먼엔' 관심↑",매일경제,http://news.mk.co.kr/newsRead.php?no=426077&year=2021
2021.05.03.,"러시아 코로나19 백신 '코비박', WHO 사용 승인 신청…'휴먼엔' 관심↑",매일경제,http://news.mk.co.kr/newsRead.php?no=426077&year=2021
2021.04.28.,"코로나19 백신 접종 뒤 이상반응 4건, 첫 피해보상 결정",한겨레,http://www.hani.co.kr/arti/society/health/993036.html
2021.04.30.,"inno.N, 코로나19 백신 후보물질 임상 1상 신청… “변이 바이러스 효능 확인”",동아일보,https://www.donga.com/news/article/all/20210430/106690798/1
2021.05.01.,"터키, 러시아 스푸트니크V 코로나19 백신 긴급사용 승인",KBS,https://news.kbs.co.kr/news/view.do?ncd=5175864&ref=A
2021.05.04.,"美 생산 코로나 백신, 해외 공급 본격화…대상 국가는?",MBN,http://mbn.mk.co.kr/pages/news/newsView.php?category=mbn00008&news_seq_no=4494394
2021.04.29.,[속보] 코로나19 백신 1차 접종자 누적 300만명 넘어,한국경제,https://www.hankyung.com/society/article/2021042930607
2021.04.29.,[속보] 코로나19 백신 1차 접종자 누적 300만명 넘어,한국경제,https://www.hankyung.com/society/article/2021042930607
2021.04.30.,"이노엔, 코로나19 백신 후보물질 임상1상 신청",매일경제,http://news.mk.co.kr/newsRead.php?no=418491&year=2021
2021.04.27.,코로나 'K백신' 이르면 연내 인도네시아 수출,한국경제,https://www.hankyung.com/it/article/2021042729531
2021.04.29.,"도쿄올림픽 태극전사 백신 접종…""코로나 걱정 없이 대회 준비""",SBS,https://news.sbs.co.kr/news/endPage.do?news_id=N1006301798&plink=ORI&cooper=NAVER
2021.04.28.,[속보] 코로나19 백신 일일 접종자 첫 20만명 돌파,한국경제언론사 선정,https://www.hankyung.com/life/article/2021042885377
2021.05.03.,인도발 코로나 사태 악화에 백신 지적재사권 면제논의 급물살,MBC,https://imnews.imbc.com/news/2021/world/article/6167724_34880.html
2021.04.29.,[영상] 도쿄올림픽 대표팀 코로나19 백신 접종…다음 달 3일까지 931명,SBS,https://news.sbs.co.kr/news/endPage.do?news_id=N1006301321&plink=ORI&cooper=NAVER
2021.05.03.,"화이자 CEO ""인도 정부와 코로나 백신 신속 승인 논의""",YTN,https://www.ytn.co.kr/_ln/0104_202105031629187957
2021.05.03.,"프랑스, '코로나 백신 접종 인증' 보건 증명서 도입 시동",SBS,https://news.sbs.co.kr/news/endPage.do?news_id=N1006305952&plink=ORI&cooper=NAVER
2021.04.30.,"HK이노엔, 코로나19 백신 후보물질 임상 1상 신청",한국경제,https://www.hankyung.com/it/article/202104304373i
2021.04.28.,군 30세 이상 장병 코로나19 백신 접종 시작…“83% 접종 동의”,KBS,http://news.kbs.co.kr/news/view.do?ncd=5173207&ref=A
2021.04.30.,교정공무원 코로나19 백신 1차 접종 완료…“7월 말 집단 면역 기대”,KBS,https://news.kbs.co.kr/news/view.do?ncd=5175385&ref=A
2021.04.30.,"미 70대, 백신 2차접종 완료후 한달만에 코로나19로 사망",KBS,https://news.kbs.co.kr/news/view.do?ncd=5175237&ref=A
2021.05.02.,트립스 협정 일시 유예로 백신 대량 공급해야 코로나 종식,경향신문,http://news.khan.co.kr/kh_news/khan_art_view.html?artid=202105021018001&code=940100
2021.05.02.,트립스 협정 일시 유예로 백신 대량 공급해야 코로나 종식,경향신문,http://news.khan.co.kr/kh_news/khan_art_view.html?artid=202105021018001&code=940100
2021.05.01.,日 골든위크 코로나 방어 총력전…“올림픽 전까지 백신 효과 나와야”,서울신문언론사 선정,https://www.seoul.co.kr/news/newsView.php?id=20210430500147&wlog_tag3=naver
2021.04.29.,"""코로나는 독감"" 백신 안 맞았다가…중환자실 입원",SBS언론사 선정,https://news.sbs.co.kr/news/endPage.do?news_id=N1006300815&plink=ORI&cooper=NAVER
2021.04.30.,"""AZ, 코로나 백신 미국 긴급사용 승인 신청 지연""",MBC,https://imnews.imbc.com/news/2021/world/article/6164213_34880.html
2021.04.27.,코로나19 백신 대신 '식염수 주입'…독일 간호사 해고,한국경제언론사 선정,https://www.hankyung.com/international/article/2021042734147
2021.04.29.,"[속보] 식약처, 노바백스·스푸트니크V 코로나 백신 사전검토 착수",한국경제,https://www.hankyung.com/society/article/2021042931877
2021.05.03.,"[속보] 문 대통령 ""부동산·코로나19 백신 문제 해결 최우선""",한국경제언론사 선정,https://www.hankyung.com/politics/article/2021050335747
2021.04.27.,"제넥신, 인니 코로나19 백신 공급 소식에 '급등'",한국경제,https://www.hankyung.com/finance/article/2021042701796
2021.04.29.,화이자 이어 모더나도 코로나 백신 연 30억 회분으로 높여,SBS,https://news.sbs.co.kr/news/endPage.do?news_id=N1006301277&plink=ORI&cooper=NAVER
2021.04.29.,"모더나, 내년 코로나19 백신 30억 회분으로 생산 목표 상향",KBS,https://news.kbs.co.kr/news/view.do?ncd=5174353&ref=A
2021.04.30.,‘코로나 생지옥’ 인도에 美 AZ 백신·러 의약품 지원,서울신문언론사 선정,https://www.seoul.co.kr/news/newsView.php?id=20210430016003&wlog_tag3=naver
2021.04.27.,"EU, 코로나19 백신 공급 지연 AZ에 소송 제기",YTN언론사 선정,https://www.ytn.co.kr/_ln/0104_202104270004392785
2021.04.30.,"독일, 하루에 100만명 코로나백신 접종…3차 유행 직면하자 서둘러",한겨레언론사 선정,http://www.hani.co.kr/arti/international/international_general/993324.html
2021.04.28.,백신접종 135일째 마스크 벗는 美… 코로나 출구전략 본격화,서울신문언론사 선정,https://www.seoul.co.kr/news/newsView.php?id=20210428500104&wlog_tag3=naver
2021.04.29.,코로나19 신규확진 680명…백신 1차 접종 280만명,TV조선언론사 선정,http://news.tvchosun.com/site/data/html_dir/2021/04/29/2021042990034.html
2021.04.29.,코로나19 680명 신규확진…백신 1차접종 22만 700여 명 늘어,MBC언론사 선정,https://imnews.imbc.com/news/2021/society/article/6163352_34873.html
2021.04.28.,박형준 부산시장의 코로나19 백신 접종이 늦은 까닭은?,한겨레,http://www.hani.co.kr/arti/area/yeongnam/992962.html
2021.04.29.,접종 62일 만에 코로나 백신 1차 접종자 누적 300만 명 넘어,SBS,https://news.sbs.co.kr/news/endPage.do?news_id=N1006301648&plink=ORI&cooper=NAVER
2021.04.29.,"화이자 이어 모더나도 코로나 백신 내년 생산 목표 ""연 30억회분""",MBC,https://imnews.imbc.com/news/2021/world/article/6163648_34880.html
2021.05.04.,밀림 자택에서 코로나 백신 맞은 1900년생 페루 할아버지,서울신문,https://nownews.seoul.co.kr/news/newsView.php?id=20210504601009&wlog_tag3=naver
2021.05.01.,코로나19 백신 접종 20대 공무원 희귀질환 진단,KBS,https://news.kbs.co.kr/news/view.do?ncd=5175739&ref=A
2021.04.30.,"서울시 ""자치구별 '코로나19 백신' 보관 물량 재배정할 예정""",MBC,https://imnews.imbc.com/news/2021/society/article/6164649_34873.html
2021.04.30.,"화이자, 미국에서 생산한 코로나19 백신 첫 해외 공급",YTN,https://www.ytn.co.kr/_ln/0104_202104300916207177
2021.05.02.,코로나19 폭증 인도에 ‘스푸트니크 V’ 백신 첫 물량 도착,KBS,https://news.kbs.co.kr/news/view.do?ncd=5176061&ref=A
2021.04.28.,남양주서 코로나 19 백신 맞고 숨진 90대…‘연관성 조사 중’,KBS,http://news.kbs.co.kr/news/view.do?ncd=5173314&ref=A
2021.04.28.,“코로나19 백신 접종 후 이상반응 9건 중 4건 확인…보상 인정”,KBS,http://news.kbs.co.kr/news/view.do?ncd=5173317&ref=A
2021.05.02.,코로나19 백신 1차 접종자 3만9천여명 추가…누적 339만여명,MBC,https://imnews.imbc.com/news/2021/society/article/6166298_34873.html
2021.04.29.,[레이더P] K방역 호평에서 백신 뒷북 논란까지…코로나 대응 1년,매일경제언론사 선정,http://raythep.mk.co.kr/newsView.php?no=24102
2021.05.04.,"원주시, 5월 코로나 백신 예방접종 사전예약 시행",KBS,https://news.kbs.co.kr/news/view.do?ncd=5177547&ref=A
2021.04.28.,"'코로나19 백신 접종' 서울 종합병원 종사자, 선제검사 대상서 '제외'",한국경제언론사 선정,https://www.hankyung.com/society/article/2021042842007
2021.04.30.,"터키, 러시아 스푸트니크V 코로나19 백신 긴급사용 승인",KBS,https://news.kbs.co.kr/news/view.do?ncd=5175753&ref=A
2021.04.28.,남양주서 90대 여성 코로나19 백신 접종 2시간 후 사망,서울신문,https://www.seoul.co.kr/news/newsView.php?id=20210428500082&wlog_tag3=naver
2021.05.03.,[서울포토] 백신전용 냉장고 안 코로나19 백신,서울신문,https://www.seoul.co.kr/news/newsView.php?id=20210503500090&wlog_tag3=naver
2021.04.30.,"코로나19 백신 접종 305만 명...""매일 20만 명대 접종 계속""",YTN,https://www.ytn.co.kr/_ln/0103_202104301608451567
2021.05.03.,[서울포토]전용 냉장고에 보관된 코로나19 백신,서울신문,https://www.seoul.co.kr/news/newsView.php?id=20210503500045&wlog_tag3=naver
2021.04.30.,"프랑스, 6월 중순부터 모든 성인 코로나19 백신 접종 확대",SBS,https://news.sbs.co.kr/news/endPage.do?news_id=N1006303292&plink=ORI&cooper=NAVER
2021.04.30.,'코로나 백신 맞으면 생식력 떨어진다'?…미국서 퍼지는 미신,SBS,https://news.sbs.co.kr/news/endPage.do?news_id=N1006302112&plink=ORI&cooper=NAVER
2021.04.30.,"화이자 ""유럽의약품청에 코로나 백신 접종 대상 12~15세까지 확대 요청""",한국경제,https://www.hankyung.com/international/article/2021043078247
2021.05.03.,코로나 488명 신규 확진…백신 1차 접종 누적 339만 7천 명,MBN,http://mbn.mk.co.kr/pages/news/newsView.php?category=mbn00009&news_seq_no=4493351
2021.04.30.,"WHO “모더나·중국 코로나 백신 긴급사용 승인여부, 내주 기대”",KBS,https://news.kbs.co.kr/news/view.do?ncd=5175757&ref=A
2021.04.30.,"코로나19 백신 접종 305만 명...""예비 명단 마련해 추가 접종""",YTN,https://www.ytn.co.kr/_ln/0103_202104301404271434
2021.04.29.,"“GC녹십자, 1분기 부진 일시적…코로나 백신 CMO 가능성 유효”",한국경제,https://www.hankyung.com/it/article/202104299224i
2021.04.30.,"코로나19 백신 접종 3백만 명 돌파...""상반기 1,200만 명 목표""",YTN,https://www.ytn.co.kr/_ln/0103_202104300948371117
2021.04.29.,백악관 “코로나 백신 지재권 면제 검토… 생산 증대도 고려”,동아일보언론사 선정,https://www.donga.com/news/article/all/20210429/106666370/1
2021.04.29.,"식약처, 노바백스·스푸트니크V 코로나 백신 사전검토 착수",YTN,https://www.ytn.co.kr/_ln/0103_202104291802251928
2021.04.29.,"'백신 챔피언' 이스라엘, 3주후 모든 코로나 방역 조치 해제 예상",한국경제,https://www.hankyung.com/international/article/2021042988077
2021.04.27.,"문 대통령, 코로나 백신 '노바백스' CEO 접견…""국내 도입 논의""",MBC,https://imnews.imbc.com/news/2021/politics/article/6161107_34866.html
2021.04.28.,"美 백악관 ""코로나 백신 지식재산권 면제 고려 중""",YTN,https://www.ytn.co.kr/_ln/0104_202104281316437757
2021.04.27.,"EU, 코로나19 백신 공급 지연 AZ에 소송 제기",SBS,https://news.sbs.co.kr/news/endPage.do?news_id=N1006297332&plink=ORI&cooper=NAVER
2021.05.03.,"“민간소비 회복 속도, 코로나 백신 접종률이 좌우”",경향신문,http://news.khan.co.kr/kh_news/khan_art_view.html?artid=202105031732021&code=920100
2021.04.30.,"美 70대, 백신 접종 한 달 만에 코로나19로 사망",YTN,https://www.ytn.co.kr/_ln/0104_202104301010269346
2021.05.04.,"[코로나19 국제뉴스] 백신 지식재산권 풀릴까…美-WTO, 한시적 면제 논의",KBS,https://news.kbs.co.kr/news/view.do?ncd=5177426&ref=A
2021.04.30.,"코로나19 백신 접종 305만 명...""접종 시설·대상 늘려 빠르게 진행""",YTN,https://www.ytn.co.kr/_ln/0103_202104301146420332
2021.04.29.,"도쿄올림픽 태극전사 백신 접종...""코로나 걱정 없이 준비""",YTN,https://www.ytn.co.kr/_ln/0107_202104291737058428
2021.04.30.,코로나19 신규 확진자 661명…백신 접종 300만 명 넘어,KBS,https://news.kbs.co.kr/news/view.do?ncd=5175276&ref=A
2021.04.28.,"포씨게이트, 코로나19 백신 '스마트 예진 시스템' 공급 개시",한국경제,https://www.hankyung.com/it/article/202104284669i
2021.04.30.,코로나19 신규 확진자 661명…백신 접종 300만 명 넘어,KBS,https://news.kbs.co.kr/news/view.do?ncd=5175329&ref=A
2021.05.01.,국내 코로나19 백신 접종자 하루 25만명 돌파…하루 최다,MBC,https://imnews.imbc.com/news/2021/society/article/6165497_34873.html
2021.04.27.,"새치기로 중국 백신 접종했던 페루 전 대통령, 코로나19 확진",MBC,https://imnews.imbc.com/news/2021/world/article/6161049_34880.html
2021.04.27.,새치기로 ‘中백신 접종’ 페루 前대통령 코로나19 확진,서울신문언론사 선정,https://www.seoul.co.kr/news/newsView.php?id=20210427500001&wlog_tag3=naver
2021.05.04.,[전문가에게 듣는다] “코로나 토착화 가능성…매년 백신 맞아야 할 수도”,KBS,https://news.kbs.co.kr/news/view.do?ncd=5177425&ref=A
2021.04.28.,"미 백악관 ""코로나 백신 지식재산권 면제 고려…결정은 안돼""",MBC,https://imnews.imbc.com/news/2021/world/article/6162047_34880.html
2021.04.28.,"미 백악관 ""코로나 백신 지식재산권 면제 고려…결정은 안돼""",MBC,https://imnews.imbc.com/news/2021/world/article/6162047_34880.html
2021.04.29.,"호주, 코로나19 백신 접종 후 사망 사례 2건 조사",SBS,https://news.sbs.co.kr/news/endPage.do?news_id=N1006301307&plink=ORI&cooper=NAVER
2021.04.27.,"EU, 코로나19 백신공급 대대적 지연 AZ에 소송 제기",MBC,https://imnews.imbc.com/news/2021/world/article/6160950_34880.html
2021.04.27.,"제넥신, 印尼에 임상중인 코로나백신 선판매",매일경제,http://news.mk.co.kr/newsRead.php?no=406123&year=2021
2021.04.27.,[유레카] ‘인간의 얼굴을 한’ 코로나 백신 / 이종규,한겨레언론사 선정,http://www.hani.co.kr/arti/opinion/column/992827.html
2021.04.29.,모더나도 내년 코로나19 백신 생산량 30억 회분으로 늘려,YTN,https://www.ytn.co.kr/_ln/0104_202104291547534199
2021.04.29.,성창현 태안해경서장 코로나19 백신 접종,한국일보,https://hankookilbo.com/News/Read/A2021042917320003743?did=NA
2021.04.27.,"제넥신, 임상 단계 코로나19 백신 1000만 도스 선판매",한국경제,https://www.hankyung.com/it/article/202104279768i
2021.04.30.,코로나 백신 24만여명 추가 접종…누적 305만여명,MBC,https://imnews.imbc.com/news/2021/society/article/6164398_34873.html
2021.04.30.,"미국서 백신 2차 접종까지 마친 70대, 코로나19로 사망",한국경제,https://www.hankyung.com/international/article/2021043048317
2021.04.28.,미 백악관 “코로나 백신 지식재산권 면제 고려…결정된 건 아냐”,KBS,http://news.kbs.co.kr/news/view.do?ncd=5172870&ref=A
2021.04.29.,"코로나 백신 접종 완료자, 요양병원 '대면 면회' 할 수 있다",한국일보,https://hankookilbo.com/News/Read/A2021042918160004707?did=NA
2021.04.29.,‘코로나 백신패권’에 맞설 무기는 ‘마이크로바이옴’,경향신문,http://news.khan.co.kr/kh_news/khan_art_view.html?artid=202104291543021&code=940601
2021.04.30.,"서욱, 軍 코로나19 백신 접종 현장점검…“자발적 동의 우선”",중앙일보,https://news.joins.com/article/olink/23642652
2021.04.30.,"서욱, 軍 코로나19 백신 접종 현장점검…“자발적 동의 우선”",중앙일보,https://news.joins.com/article/olink/23642652
2021.04.30.,백신 접종 시작한 태극전사…코로나 딛고 도쿄로!,KBS,https://news.kbs.co.kr/news/view.do?ncd=5174884&ref=A
2021.04.29.,코로나 신규 확진 680명…백신 280만 8천여 명 접종,SBS,https://news.sbs.co.kr/news/endPage.do?news_id=N1006300763&plink=ORI&cooper=NAVER
2021.04.28.,"""코로나19 백신 1회 접종으로 가정 내 감염 절반 감소""",MBC,https://imnews.imbc.com/news/2021/world/article/6162755_34880.html
2021.04.28.,"""코로나19 백신 1회 접종으로 가정 내 감염 절반 감소""",MBC,https://imnews.imbc.com/news/2021/world/article/6162755_34880.html
2021.04.29.,"EU, '최대 규모' 코로나 백신 18억회분 확보한 비결은?",MBN,http://mbn.mk.co.kr/pages/news/newsView.php?category=mbn00008&news_seq_no=4490400
2021.04.29.,"EU, '최대 규모' 코로나 백신 18억회분 확보한 비결은?",MBN,http://mbn.mk.co.kr/pages/news/newsView.php?category=mbn00008&news_seq_no=4490400
2021.04.28.,"""코로나19 백신 1회 접종으로 가정 내 감염 절반 감소""",SBS,https://news.sbs.co.kr/news/endPage.do?news_id=N1006299943&plink=ORI&cooper=NAVER
2021.04.30.,"[서울] 서울시, 자치구별 코로나 백신 보관 물량 재배정",YTN,https://www.ytn.co.kr/_ln/0115_202104301317546711
2021.04.28.,"""코로나19 백신 1회 접종으로 가정 내 감염 절반 감소""",SBS,https://news.sbs.co.kr/news/endPage.do?news_id=N1006299943&plink=ORI&cooper=NAVER
2021.04.30.,"[서울] 서울시, 자치구별 코로나 백신 보관 물량 재배정",YTN,https://www.ytn.co.kr/_ln/0115_202104301317546711
2021.04.30.,'백신 접종 후 3주'의 힘…코로나 양성·음성 갈랐다,JTBC,https://news.jtbc.joins.com/article/article.aspx?news_id=NB12002565
2021.04.27.,"""유럽연합 성인 4분의 1 코로나19 백신 최소 1회 접종""",SBS,https://news.sbs.co.kr/news/endPage.do?news_id=N1006298606&plink=ORI&cooper=NAVER
2021.04.29.,코로나19 백신 1차 접종자 누적 300만 명 넘어...접종 시작 62일만,YTN,https://www.ytn.co.kr/_ln/0103_202104291802413741
2021.04.29.,백신 접종 시작한 태극전사…코로나 딛고 도쿄로!,KBS,https://news.kbs.co.kr/news/view.do?ncd=5174790&ref=A
2021.04.27.,"비스카라 전 페루 대통령, 중국 시노팜 백신 새치기 접종했지만 코로나19 감염",KBS,http://news.kbs.co.kr/news/view.do?ncd=5171795&ref=A
2021.04.27.,"'새치기 백신 접종' 페루 전 대통령, 코로나19 확진",MBN언론사 선정,http://mbn.mk.co.kr/pages/news/newsView.php?category=mbn00008&news_seq_no=4488222
2021.04.27.,"'새치기 백신 접종' 페루 전 대통령, 코로나19 확진",MBN언론사 선정,http://mbn.mk.co.kr/pages/news/newsView.php?category=mbn00008&news_seq_no=4488222
2021.05.04.,[이재갑의 감염병 이야기] 이제는 코로나19 백신 접종 수용도를 높여야 할 때,서울신문,https://www.seoul.co.kr/news/newsView.php?id=20210504029011&wlog_tag3=naver
2021.04.27.,코로나19 백신 1차 접종자 14만 1천여 명↑…신규 이상반응 신고 546건,KBS,http://news.kbs.co.kr/news/view.do?ncd=5172110&ref=A
2021.04.29.,코로나 백신접종 예약 콜센터 다음주 연다,한국일보,https://hankookilbo.com/News/Read/A2021042911500001069?did=NA
2021.04.29.,"'태극전사'들 코로나 백신 접종 시작돼…김연경 선수, 화이자로",MBN언론사 선정,http://mbn.mk.co.kr/pages/news/newsView.php?category=mbn00009&news_seq_no=4491238
2021.04.27.,코로나 백신 접종 느린 일본…두 달 반 만에 모더나 승인 전망,MBC,https://imnews.imbc.com/news/2021/world/article/6161850_34880.html
2021.04.28.,'변이 바이러스' 잡는 국산 코로나19 치료제·백신 아직은 가물가물,한국일보,https://hankookilbo.com/News/Read/A2021042716420003679?did=NA
2021.04.28.,바이든 정부 “코로나 백신 특허 일시 완화 고려”,조선일보,https://www.chosun.com/international/international_general/2021/04/28/TYT77YKKPBDY5MWALDFKQK4TYI/?utm_source=naver&utm_medium=referral&utm_campaign=naver-news
2021.04.27.,美·유럽서 코로나19 백신 승인절차 바쁜 노바백스 CEO가 방한한 이유는,매일경제,http://news.mk.co.kr/newsRead.php?no=404040&year=2021
2021.04.28.,바이든 정부 “코로나 백신 특허 일시 완화 고려”,조선일보,https://www.chosun.com/international/international_general/2021/04/28/TYT77YKKPBDY5MWALDFKQK4TYI/?utm_source=naver&utm_medium=referral&utm_campaign=naver-news
2021.04.27.,美·유럽서 코로나19 백신 승인절차 바쁜 노바백스 CEO가 방한한 이유는,매일경제,http://news.mk.co.kr/newsRead.php?no=404040&year=2021
2021.04.28.,"백악관 ""코로나 백신 지식재산권 면제 고려... 다른 방법도 많아""",한국일보,https://hankookilbo.com/News/Read/A2021042815020005095?did=NA
2021.04.27.,독일서 코로나19 백신 6회분 대신 식염수 주입한 간호사,중앙일보,https://news.joins.com/article/olink/23639834
2021.04.27.,독일서 코로나19 백신 6회분 대신 식염수 주입한 간호사,중앙일보,https://news.joins.com/article/olink/23639834
2021.04.30.,"수성중동병원, 코로나19 안심백신 접종 기관 선정",한국일보,https://hankookilbo.com/News/Read/A2021043014270001303?did=NA
2021.04.29.,"이인영 장관, 6월 중 방미 구상...코로나19 백신 1차 접종 마쳐",YTN,https://www.ytn.co.kr/_ln/0101_202104291856229499
2021.04.27.,"“SK바이오사이언스, 자체 개발 코로나 백신 주가에 미반영”",한국경제,https://www.hankyung.com/it/article/202104279498i
2021.04.27.,"“SK바이오사이언스, 자체 개발 코로나 백신 주가에 미반영”",한국경제,https://www.hankyung.com/it/article/202104279498i
2021.04.28.,"식약처, 국산 코로나19 백신 임상에 ‘비열등성시험’ 도입 검토",KBS,http://news.kbs.co.kr/news/view.do?ncd=5173221&ref=A
2021.04.28.,홍콩 “코로나 백신 맞아야 술집 출입 가능”,조선일보,https://www.chosun.com/international/china/2021/04/28/3BU2GGCUXJCSJLODCCQY5ZORUI/?utm_source=naver&utm_medium=referral&utm_campaign=naver-news
2021.05.03.,[사사건건 플러스]① 코로나19 확산 속 백신 수급 불안?…접종 일정 차질 없나,KBS,https://news.kbs.co.kr/news/view.do?ncd=5176922&ref=A
2021.04.30.,"코로나 유전자 지도 만든 두 과학자 “RNA 백신 생산, 지금부터 준비해야”",조선일보,https://www.chosun.com/economy/science/2021/04/30/2C63TVDLWZHR3PNCHZQYXGVOL4/?utm_source=naver&utm_medium=referral&utm_campaign=naver-news
2021.04.30.,한·미 정상회담 앞두고 문재인 대통령 코로나19 백신 2차 접종,한국경제,https://www.hankyung.com/politics/article/202104305094i
2021.04.28.,"""코로나 지옥, 인도를 구하라""…산소·백신 지원 본격화",MBC,https://imnews.imbc.com/replay/2021/nwdesk/article/6162804_34936.html
2021.04.28.,"미 백악관 ""코로나 백신 지식재산권 면제 고려...결정은 안돼""",YTN,https://www.ytn.co.kr/_ln/0104_202104280538087276
2021.04.29.,"파우치 ""긴급승인 받은 코로나 백신, 곧 정식승인 받기를 기대""",YTN,https://www.ytn.co.kr/_ln/0104_202104290325339915
2021.05.03.,[코로나19 국제뉴스] IOC “도쿄 올림픽 참가 선수 40%는 백신 미접종”,KBS,https://news.kbs.co.kr/news/view.do?ncd=5176358&ref=A
2021.04.28.,백악관 “코로나 백신 ‘특허 유예’ 고려…결정은 안돼”,한겨레,http://www.hani.co.kr/arti/international/international_general/992936.html
2021.04.27.,"""EU 성인 4분의 1 코로나19 백신 최소 1회 접종""",YTN,https://www.ytn.co.kr/_ln/0104_202104271948445123
2021.04.30.,"미 70대, 백신 2차 접종 후 코로나19로 사망",MBN,http://mbn.mk.co.kr/pages/news/newsView.php?category=mbn00008&news_seq_no=4491537
2021.04.28.,"미 백악관, “코로나 백신 지식재산권 면제 고려” 언급",KBS,http://news.kbs.co.kr/news/view.do?ncd=5173246&ref=A
2021.04.29.,중대본 “이르면 오늘까지 코로나19 백신 300만명 접종 완료 예정”,KBS,http://news.kbs.co.kr/news/view.do?ncd=5174020&ref=A
2021.04.30.,[포토인사이트] 코로나 19 백신 2차 접종 하는 문재인 대통령 내외,서울신문,https://www.seoul.co.kr/news/newsView.php?id=20210430500091&wlog_tag3=naver
2021.04.27.,"중국 백신 ‘새치기 접종’했던 페루 전 대통령, 코로나 확진",조선일보,https://www.chosun.com/international/international_general/2021/04/27/LMWZ4VZJP5BBFNMAL46GNLAKKQ/?utm_source=naver&utm_medium=referral&utm_campaign=naver-news
2021.04.27.,"대구시, 코로나19 백신접종 가속화 추진",KBS,http://news.kbs.co.kr/news/view.do?ncd=5171966&ref=A
2021.04.28.,"백악관 ""코로나19 백신 지식재산권 포기 고려…결정된 건 없어""",TV조선,http://news.tvchosun.com/site/data/html_dir/2021/04/28/2021042890055.html
2021.04.29.,영국에서 코로나19 백신 접종 이후 사망 973건 보고,YTN,https://www.ytn.co.kr/_ln/0104_202104291800303807
2021.04.28.,"""백신 기대감"" 4월 소비자심리지수 102.2…코로나 이전 수준 회복",매일경제,http://news.mk.co.kr/newsRead.php?no=406950&year=2021
2021.05.03.,"美 백악관 비서실장·국가안보보좌관 ""코로나19 백신 지재권 면제 문제, 무역대표부 대표가 WTO와 협의""",YTN,https://www.ytn.co.kr/_ln/0104_202105031038466253
2021.04.27.,"코로나 백신, 글로벌 증시 '게임 체인저' 되다",한국경제,https://www.hankyung.com/finance/article/202104271267i
2021.04.28.,[세상돋보기]'격리 실험'·'백신 관광'…코로나19 시대의 여행,MBN,http://www.mbn.co.kr/pages/news/newsView.php?news_seq_no=4490055
2021.04.30.,"라임 투자사 ""출국금지로 코로나19 백신 출장 막혔다""...법원""출국금지 2주 해제""",JTBC언론사 선정,https://news.jtbc.joins.com/article/article.aspx?news_id=NB12002536
2021.04.27.,코로나 백신 접종 느린 일본...다음 달 모더나 승인 전망,YTN,https://www.ytn.co.kr/_ln/0104_202104272143569548
2021.04.27.,"경제, 코로나 이전 회복했지만…백신 차질 땐 언제든 '소비절벽'",한국경제,https://www.hankyung.com/economy/article/2021042728231
2021.04.29.,"도쿄올림픽 출전 태극 전사들, 코로나19 백신 접종 돌입… 선수는 화이자, 스텝은 아스트라제네카 접종",서울신문,https://www.seoul.co.kr/news/newsView.php?id=20210429500178&wlog_tag3=naver
2021.04.28.,치열한 제약계 로비 속에서도 힘 받는 코로나 백신 지재권 면제 목소리,경향신문,http://news.khan.co.kr/kh_news/khan_art_view.html?artid=202104281642001&code=970100
2021.04.30.,[코로나19 Q&A] 노바백스·스푸트니크V 백신 사전검토,KBS,https://news.kbs.co.kr/news/view.do?ncd=5174891&ref=A
2021.04.29.,"日, 코로나 백신여권 발급대상 음성 진단자로 확대 추진",한국경제,https://www.hankyung.com/life/article/202104292473i
2021.04.27.,울산 경찰·소방 등 코로나19 백신 집단 접종 시작,KBS,http://news.kbs.co.kr/news/view.do?ncd=5171875&ref=A
2021.04.28.,"주한미군, 접종 잠정 중단했던 얀센 코로나 백신 사용 재개",중앙일보,https://news.joins.com/article/olink/23641017
2021.04.28.,"주한미군, 접종 잠정 중단했던 얀센 코로나 백신 사용 재개",중앙일보,https://news.joins.com/article/olink/23641017
2021.04.30.,"미국서 퍼지는 코로나 거짓정보…""백신 맞으면 생식력 약화?""",MBN,http://mbn.mk.co.kr/pages/news/newsView.php?category=mbn00008&news_seq_no=4491430
2021.04.27.,코로나19 신규확진 512명…백신 1차 접종 240만명,TV조선,http://news.tvchosun.com/site/data/html_dir/2021/04/27/2021042790034.html
2021.04.28.,"로지포커스, 주한 미군 기지에 코로나 바이러스 백신 운송",경향신문,http://news.khan.co.kr/kh_news/khan_art_view.html?artid=202104280755018&code=920501
2021.04.28.,"英 연구진 ""백신 한 번만 맞아도 코로나 전파 위험 최대 절반 줄어""",한국일보,https://hankookilbo.com/News/Read/A2021042810120003420?did=NA
2021.04.30.,"[서울포토] ‘살살 놔주세요’ 문 대통령, 코로나 백신 2차 접종",서울신문,https://www.seoul.co.kr/news/newsView.php?id=20210430500031&wlog_tag3=naver
2021.04.28.,[코로나19 Q&A] AZ 백신 주의사항에 ‘특이 혈전증’ 추가,KBS,http://news.kbs.co.kr/news/view.do?ncd=5172841&ref=A
2021.04.27.,"코로나 치명률 더 높은데 접종하긴 힘들어…미 흑인·라틴계 백신 접종률, 백인의 절반",경향신문,http://news.khan.co.kr/kh_news/khan_art_view.html?artid=202104271529001&code=970201
2021.04.29.,"MBN 뉴스파이터-코로나19 신규 확진 680명…'노쇼' 백신 물량 ""누구나""",MBN,http://www.mbn.co.kr/pages/news/newsView.php?news_seq_no=4491065
2021.04.27.,[코로나19 Q&A] “주말·야간 접종…독일 백신도 검토”,KBS,http://news.kbs.co.kr/news/view.do?ncd=5171833&ref=A
2021.04.27.,"[라이프 트렌드&] 코로나 백신 희귀혈전증 위험도, 얼마나 될까",중앙일보,https://news.joins.com/article/olink/23638987
2021.04.27.,"'산 넘고 물 건너'…인도, 코로나19 백신 수송도 난제",MBN,http://mbn.mk.co.kr/pages/news/newsView.php?category=mbn00008&news_seq_no=4488406
2021.04.27.,"[사사건건 플러스]② 대통령, 노바백스 CEO 만나 백신 논의…‘코로나 폭증’ 현재 인도 상황은?",KBS,http://news.kbs.co.kr/news/view.do?ncd=5172354&ref=A